{"_source":{"name":"DGT — CAOP (Carta Administrativa Oficial de Portugal), municípios","url":"https://ogcapi.dgterritorio.gov.pt/collections/municipios","service":"OGC API Features","retrieved_at":"2026-07-05T19:10:30Z","note":"Region subset; boundaries simplified (~30m) for municipality resolution."},"features":[{"type":"Feature","properties":{"distrito_ilha":"Castelo Branco","dtmn":"0506","municipio":"Oleiros"},"geometry":{"type":"MultiPolygon","coordinates":[[[[-7.85065,39.86849],[-7.85248,39.86767],[-7.85613,39.86478],[-7.85821,39.86027],[-7.85805,39.85881],[-7.85877,39.85741],[-7.85843,39.85602],[-7.85769,39.85515],[-7.85661,39.85484],[-7.85604,39.85309],[-7.85458,39.85158],[-7.85405,39.84896],[-7.85224,39.84644],[-7.85275,39.83923],[-7.85371,39.83612],[-7.85499,39.83442],[-7.85805,39.8317],[-7.86076,39.83015],[-7.86184,39.82882],[-7.86675,39.82696],[-7.87364,39.82255],[-7.87642,39.81976],[-7.87843,39.81901],[-7.88943,39.81827],[-7.89595,39.81855],[-7.90144,39.82234],[-7.90281,39.82099],[-7.90236,39.82034],[-7.90281,39.81952],[-7.90472,39.81873],[-7.90296,39.81745],[-7.90456,39.81666],[-7.90416,39.81559],[-7.90553,39.81515],[-7.90517,39.81308],[-7.90772,39.81388],[-7.90782,39.81276],[-7.90916,39.81174],[-7.9093,39.81082],[-7.91035,39.81092],[-7.91232,39.8122],[-7.91191,39.81337],[-7.91425,39.81316],[-7.91533,39.81384],[-7.91427,39.81455],[-7.91347,39.81438],[-7.91329,39.81505],[-7.915,39.81547],[-7.91513,39.81646],[-7.91571,39.81656],[-7.91746,39.81555],[-7.91569,39.81495],[-7.91591,39.81446],[-7.9174,39.81474],[-7.92024,39.81314],[-7.92121,39.8139],[-7.92021,39.81457],[-7.92178,39.81626],[-7.92153,39.81866],[-7.92278,39.82299],[-7.92009,39.82421],[-7.91855,39.82719],[-7.9183,39.83009],[-7.91867,39.83172],[-7.9177,39.83283],[-7.9167,39.83645],[-7.918,39.85046],[-7.91593,39.855],[-7.91847,39.85633],[-7.92261,39.85744],[-7.9279,39.8613],[-7.92865,39.861],[-7.93044,39.86132],[-7.93203,39.86222],[-7.93545,39.86143],[-7.93706,39.86179],[-7.93749,39.86288],[-7.93673,39.86312],[-7.93701,39.86396],[-7.93829,39.86407],[-7.93809,39.86479],[-7.94014,39.86492],[-7.94035,39.86603],[-7.94131,39.86542],[-7.94251,39.86583],[-7.94444,39.86539],[-7.94575,39.8663],[-7.94574,39.86695],[-7.94722,39.86709],[-7.94864,39.86653],[-7.94864,39.86597],[-7.95212,39.8668],[-7.95266,39.86766],[-7.95186,39.86865],[-7.95362,39.86875],[-7.95411,39.86821],[-7.95648,39.86969],[-7.95552,39.87027],[-7.95778,39.87053],[-7.95861,39.8717],[-7.96231,39.87158],[-7.96262,39.87262],[-7.96409,39.87375],[-7.96516,39.87314],[-7.96744,39.87373],[-7.96783,39.87283],[-7.97097,39.87373],[-7.97146,39.87342],[-7.97101,39.87274],[-7.97184,39.87306],[-7.973,39.87473],[-7.97305,39.87558],[-7.97566,39.87618],[-7.97799,39.87545],[-7.98066,39.87536],[-7.98382,39.87688],[-7.98573,39.87719],[-7.98452,39.87948],[-7.98627,39.88123],[-7.98595,39.88273],[-7.98612,39.8854],[-7.98761,39.88671],[-7.98935,39.88727],[-7.99273,39.88713],[-7.99383,39.88946],[-7.99417,39.89369],[-7.993,39.89353],[-7.99371,39.89544],[-7.99613,39.89833],[-8.00234,39.90043],[-8.00293,39.90143],[-8.01345,39.905],[-8.02466,39.90458],[-8.02802,39.90319],[-8.03149,39.90275],[-8.03392,39.90328],[-8.0351,39.90306],[-8.03747,39.90378],[-8.04,39.90341],[-8.0433,39.90713],[-8.0444,39.90735],[-8.04529,39.90861],[-8.04595,39.91183],[-8.04811,39.91324],[-8.04807,39.91557],[-8.05003,39.9173],[-8.05051,39.91963],[-8.05215,39.92105],[-8.05404,39.92116],[-8.05647,39.92245],[-8.06451,39.92378],[-8.06798,39.92494],[-8.07113,39.92705],[-8.07464,39.93112],[-8.07764,39.93369],[-8.07918,39.93631],[-8.08139,39.93834],[-8.08353,39.93957],[-8.0869,39.94323],[-8.08253,39.94712],[-8.08251,39.94877],[-8.08724,39.95279],[-8.08798,39.95416],[-8.08823,39.9564],[-8.08712,39.96104],[-8.08652,39.96506],[-8.08521,39.96537],[-8.08359,39.96504],[-8.07873,39.96133],[-8.0787,39.95999],[-8.07961,39.9583],[-8.07907,39.95725],[-8.07293,39.95679],[-8.06585,39.95462],[-8.06453,39.95467],[-8.06179,39.95592],[-8.06047,39.96087],[-8.05796,39.9649],[-8.05799,39.96832],[-8.05738,39.96915],[-8.05578,39.96963],[-8.04923,39.96338],[-8.04719,39.96322],[-8.04417,39.96391],[-8.03883,39.96358],[-8.03675,39.96268],[-8.03526,39.961],[-8.03391,39.96042],[-8.03102,39.96225],[-8.02997,39.96362],[-8.02999,39.96544],[-8.03305,39.96838],[-8.03648,39.97587],[-8.03647,39.97689],[-8.03237,39.98396],[-8.03152,39.98461],[-8.02913,39.98329],[-8.02901,39.9802],[-8.02817,39.97847],[-8.02592,39.97737],[-8.024,39.97509],[-8.01728,39.97114],[-8.01596,39.9714],[-8.01428,39.97319],[-8.01194,39.97397],[-8.01026,39.97369],[-8.00669,39.97202],[-8.00538,39.97224],[-8.00524,39.97316],[-8.00807,39.98027],[-8.01195,39.98241],[-8.01406,39.98458],[-8.01514,39.98711],[-8.01514,39.98873],[-8.01389,39.98926],[-8.00989,39.98883],[-8.00726,39.9876],[-8.00223,39.98367],[-7.99931,39.97906],[-7.99748,39.97809],[-7.9901,39.97838],[-7.99004,39.97931],[-7.99238,39.98367],[-7.99254,39.9863],[-7.98952,39.98887],[-7.98361,39.98975],[-7.97734,39.9891],[-7.97464,39.98827],[-7.97137,39.98553],[-7.97006,39.9821],[-7.96802,39.97965],[-7.96409,39.97723],[-7.96198,39.97793],[-7.96357,39.98211],[-7.96365,39.98497],[-7.96249,39.9866],[-7.9598,39.98842],[-7.95888,39.99069],[-7.95532,39.99161],[-7.954,39.99364],[-7.95295,39.99948],[-7.95337,40.00165],[-7.95281,40.00249],[-7.95115,40.00243],[-7.94068,39.99979],[-7.93941,39.99995],[-7.93679,40.00157],[-7.93471,40.00201],[-7.92581,39.99931],[-7.91938,39.99849],[-7.91678,39.99929],[-7.91374,40.00138],[-7.91582,40.00548],[-7.91568,40.00688],[-7.91474,40.00744],[-7.91242,40.00663],[-7.90996,40.00442],[-7.90644,40.00326],[-7.90196,40.00286],[-7.90226,40.00453],[-7.90167,40.00536],[-7.90243,40.0066],[-7.90474,40.00752],[-7.90614,40.0088],[-7.90564,40.00972],[-7.90616,40.01039],[-7.90562,40.01107],[-7.90574,40.01196],[-7.90673,40.01203],[-7.90703,40.01292],[-7.90639,40.01347],[-7.9075,40.01435],[-7.90715,40.01501],[-7.90832,40.01524],[-7.90773,40.0173],[-7.90852,40.01803],[-7.90846,40.02064],[-7.91048,40.0226],[-7.90849,40.02531],[-7.91018,40.02645],[-7.91282,40.02607],[-7.91591,40.03277],[-7.91492,40.03398],[-7.91072,40.03651],[-7.90444,40.0417],[-7.89976,40.04344],[-7.89541,40.04167],[-7.89182,40.04141],[-7.88441,40.04571],[-7.88003,40.0462],[-7.87506,40.0491],[-7.87068,40.05009],[-7.86785,40.05293],[-7.86598,40.05374],[-7.86454,40.05521],[-7.86419,40.0581],[-7.86111,40.05903],[-7.86077,40.05851],[-7.85985,40.05905],[-7.85509,40.05899],[-7.84895,40.05435],[-7.84432,40.05279],[-7.84244,40.05304],[-7.83686,40.05091],[-7.83218,40.05041],[-7.82642,40.05078],[-7.82472,40.05048],[-7.81384,40.03928],[-7.80831,40.03574],[-7.80602,40.03214],[-7.80379,40.02758],[-7.79953,40.02684],[-7.79686,40.02817],[-7.79,40.02869],[-7.78666,40.02963],[-7.78452,40.0288],[-7.78302,40.02721],[-7.7813,40.0266],[-7.77735,40.02689],[-7.7748,40.02812],[-7.77124,40.02815],[-7.77018,40.02569],[-7.76746,40.02254],[-7.76342,40.02037],[-7.7622,40.01896],[-7.75662,40.01655],[-7.75368,40.01617],[-7.74893,40.01234],[-7.74678,40.01223],[-7.74581,40.01351],[-7.74644,40.01403],[-7.74672,40.01646],[-7.74515,40.0189],[-7.74462,40.0218],[-7.7427,40.02346],[-7.74106,40.02395],[-7.7373,40.02319],[-7.73446,40.02168],[-7.73294,40.02028],[-7.72857,40.02009],[-7.72699,40.02081],[-7.72439,40.02058],[-7.72186,40.02153],[-7.71915,40.01892],[-7.71742,40.02055],[-7.71471,40.02464],[-7.71254,40.02605],[-7.712,40.02717],[-7.70931,40.02859],[-7.70587,40.02604],[-7.70008,40.02056],[-7.69634,40.01855],[-7.6918,40.01725],[-7.69109,40.01666],[-7.69202,40.01525],[-7.69143,40.01266],[-7.69283,40.0094],[-7.69188,40.00738],[-7.69361,40.00627],[-7.69399,40.00528],[-7.69699,40.00435],[-7.69713,40.00304],[-7.69625,40.00188],[-7.69611,40.00073],[-7.69766,40.00069],[-7.69622,39.9997],[-7.69876,39.99724],[-7.70112,39.99759],[-7.70136,39.99686],[-7.7042,39.9962],[-7.70615,39.99245],[-7.70711,39.99205],[-7.71127,39.99336],[-7.71452,39.99167],[-7.71553,39.99038],[-7.71521,39.98819],[-7.71582,39.98473],[-7.7144,39.98308],[-7.71735,39.98086],[-7.7176,39.97832],[-7.71574,39.97693],[-7.71511,39.97539],[-7.71517,39.97366],[-7.71373,39.97312],[-7.71434,39.9718],[-7.71347,39.97049],[-7.71364,39.96936],[-7.71281,39.96811],[-7.71177,39.96788],[-7.71044,39.96569],[-7.71076,39.96249],[-7.71123,39.9621],[-7.71011,39.96113],[-7.71032,39.96051],[-7.71218,39.95921],[-7.71253,39.95829],[-7.71472,39.95804],[-7.71682,39.95614],[-7.71792,39.95352],[-7.7192,39.95251],[-7.71835,39.94993],[-7.71247,39.94854],[-7.71214,39.94793],[-7.71272,39.94614],[-7.71102,39.94443],[-7.70947,39.94512],[-7.70852,39.94457],[-7.70695,39.94566],[-7.70579,39.945],[-7.70291,39.94465],[-7.69892,39.94117],[-7.69876,39.94005],[-7.69796,39.93957],[-7.69738,39.93775],[-7.69766,39.93584],[-7.69698,39.93578],[-7.6962,39.9337],[-7.69869,39.93031],[-7.70073,39.93028],[-7.70335,39.92832],[-7.70331,39.92694],[-7.70392,39.92593],[-7.70341,39.92543],[-7.70544,39.92272],[-7.70816,39.92282],[-7.71283,39.91995],[-7.7138,39.92043],[-7.71939,39.92056],[-7.71979,39.92199],[-7.72052,39.92249],[-7.72372,39.92129],[-7.72776,39.92195],[-7.73082,39.92118],[-7.73552,39.92253],[-7.74171,39.92215],[-7.73964,39.91665],[-7.74167,39.91398],[-7.74353,39.91028],[-7.74337,39.90715],[-7.74618,39.905],[-7.74678,39.90025],[-7.75037,39.89812],[-7.75064,39.89767],[-7.74918,39.89645],[-7.74763,39.89707],[-7.7453,39.89688],[-7.74457,39.89742],[-7.74272,39.89741],[-7.74067,39.89574],[-7.74058,39.89495],[-7.73846,39.89394],[-7.73821,39.89105],[-7.74026,39.88763],[-7.74055,39.88236],[-7.73908,39.87967],[-7.73933,39.87825],[-7.74106,39.87747],[-7.74301,39.87496],[-7.7434,39.8738],[-7.74313,39.87225],[-7.74438,39.87112],[-7.74605,39.87142],[-7.74435,39.87233],[-7.74748,39.87237],[-7.75138,39.86826],[-7.75482,39.86652],[-7.75633,39.86634],[-7.75807,39.86679],[-7.75877,39.86749],[-7.75979,39.86719],[-7.76402,39.8677],[-7.76485,39.867],[-7.76636,39.86751],[-7.7709,39.86701],[-7.77188,39.8678],[-7.77483,39.86786],[-7.77568,39.86932],[-7.77815,39.86992],[-7.77534,39.87202],[-7.77531,39.87376],[-7.77793,39.87786],[-7.77935,39.8793],[-7.77872,39.87984],[-7.77934,39.88051],[-7.7814,39.88067],[-7.78231,39.88021],[-7.78325,39.88124],[-7.78505,39.88215],[-7.78628,39.88177],[-7.78608,39.88068],[-7.78833,39.87717],[-7.78975,39.87742],[-7.79101,39.87663],[-7.79193,39.8771],[-7.79278,39.87684],[-7.79347,39.87768],[-7.79512,39.8777],[-7.79639,39.87712],[-7.80025,39.87956],[-7.80557,39.88614],[-7.80406,39.89065],[-7.8077,39.89151],[-7.81087,39.89137],[-7.81242,39.88862],[-7.8151,39.88873],[-7.81819,39.887],[-7.82067,39.8886],[-7.8226,39.88816],[-7.82838,39.88999],[-7.83277,39.8926],[-7.8348,39.89212],[-7.83545,39.88969],[-7.83784,39.88825],[-7.8405,39.88582],[-7.84464,39.88362],[-7.84497,39.88075],[-7.84645,39.87821],[-7.84639,39.87676],[-7.84875,39.87413],[-7.84862,39.87255],[-7.84943,39.86984],[-7.85065,39.86849]]]]}},{"type":"Feature","properties":{"distrito_ilha":"Castelo Branco","dtmn":"0508","municipio":"Proença-a-Nova"},"geometry":{"type":"MultiPolygon","coordinates":[[[[-7.78652,39.6667],[-7.79116,39.65588],[-7.79323,39.65198],[-7.79102,39.64842],[-7.7909,39.64751],[-7.79235,39.6439],[-7.79571,39.642],[-7.79649,39.6406],[-7.79648,39.63921],[-7.79331,39.63267],[-7.79058,39.62887],[-7.78968,39.62439],[-7.79004,39.62155],[-7.7937,39.61534],[-7.79932,39.60881],[-7.80271,39.60735],[-7.8068,39.60647],[-7.80941,39.60479],[-7.80454,39.60241],[-7.80268,39.59972],[-7.7997,39.59193],[-7.79725,39.58816],[-7.80013,39.58484],[-7.79553,39.58266],[-7.79342,39.58034],[-7.79245,39.5776],[-7.7932,39.57675],[-7.79366,39.57242],[-7.79547,39.57038],[-7.79833,39.57088],[-7.80356,39.57006],[-7.80556,39.56746],[-7.80899,39.56578],[-7.81158,39.56736],[-7.81214,39.56885],[-7.81059,39.57017],[-7.81034,39.57114],[-7.81207,39.57164],[-7.81448,39.57113],[-7.81666,39.57186],[-7.81579,39.57494],[-7.81868,39.57825],[-7.81722,39.58071],[-7.81666,39.58478],[-7.81729,39.58569],[-7.81905,39.58555],[-7.81957,39.58435],[-7.81917,39.58273],[-7.81969,39.58223],[-7.82072,39.58249],[-7.82176,39.58451],[-7.82143,39.58736],[-7.82175,39.58858],[-7.82267,39.5889],[-7.82543,39.58714],[-7.8273,39.58721],[-7.82752,39.58812],[-7.82644,39.59115],[-7.83,39.59439],[-7.8317,39.59467],[-7.83365,39.59407],[-7.83579,39.59442],[-7.83717,39.59537],[-7.83737,39.59587],[-7.83543,39.59771],[-7.83246,39.5994],[-7.83259,39.6002],[-7.83431,39.6009],[-7.83767,39.59951],[-7.8403,39.5997],[-7.84131,39.60093],[-7.8391,39.60309],[-7.83938,39.60425],[-7.83842,39.60735],[-7.8401,39.60812],[-7.84354,39.60799],[-7.84704,39.60719],[-7.84806,39.6078],[-7.84751,39.6099],[-7.84899,39.61138],[-7.8495,39.61333],[-7.84752,39.61541],[-7.84735,39.61689],[-7.84836,39.6177],[-7.84981,39.61802],[-7.85011,39.61988],[-7.84911,39.62031],[-7.84704,39.62021],[-7.84788,39.62304],[-7.84891,39.6237],[-7.85567,39.62511],[-7.86014,39.62376],[-7.86139,39.62416],[-7.86188,39.62511],[-7.86143,39.62679],[-7.85873,39.62938],[-7.85828,39.63099],[-7.86131,39.63042],[-7.86311,39.63229],[-7.86439,39.63816],[-7.8654,39.6384],[-7.86705,39.63758],[-7.86761,39.63875],[-7.86943,39.63906],[-7.87019,39.63814],[-7.87014,39.63705],[-7.87125,39.63599],[-7.87291,39.63679],[-7.8733,39.63888],[-7.87499,39.6405],[-7.87538,39.64227],[-7.87709,39.6427],[-7.87957,39.6415],[-7.88072,39.64145],[-7.88147,39.64225],[-7.88154,39.64361],[-7.88102,39.6442],[-7.88159,39.64459],[-7.88585,39.64442],[-7.88791,39.64505],[-7.88973,39.6426],[-7.89239,39.6436],[-7.89272,39.64533],[-7.89468,39.64809],[-7.89407,39.64838],[-7.89216,39.6478],[-7.88991,39.64896],[-7.89004,39.64984],[-7.89281,39.65182],[-7.89301,39.65244],[-7.89237,39.65312],[-7.89363,39.6536],[-7.89406,39.65483],[-7.89556,39.65534],[-7.89913,39.65406],[-7.90199,39.65507],[-7.90256,39.65574],[-7.90197,39.65674],[-7.89917,39.65681],[-7.8971,39.65812],[-7.89771,39.6591],[-7.90083,39.66012],[-7.90334,39.65943],[-7.90483,39.66059],[-7.90557,39.66184],[-7.90737,39.6612],[-7.91196,39.66167],[-7.91168,39.66256],[-7.90891,39.66322],[-7.90931,39.66515],[-7.91168,39.66645],[-7.9151,39.66561],[-7.91425,39.66767],[-7.91498,39.66849],[-7.91703,39.66751],[-7.92127,39.66688],[-7.92771,39.66762],[-7.92794,39.66711],[-7.92699,39.6658],[-7.92706,39.66424],[-7.92628,39.66232],[-7.92654,39.66109],[-7.92803,39.66099],[-7.93027,39.66316],[-7.93127,39.66361],[-7.93238,39.66298],[-7.93387,39.65977],[-7.93565,39.65832],[-7.93651,39.65845],[-7.93762,39.66123],[-7.93867,39.66207],[-7.94699,39.66174],[-7.9494,39.66099],[-7.95407,39.6628],[-7.95666,39.66123],[-7.95788,39.66167],[-7.95815,39.6623],[-7.95765,39.66349],[-7.9591,39.66422],[-7.95951,39.66717],[-7.95833,39.66756],[-7.95767,39.66906],[-7.95491,39.66971],[-7.95423,39.67083],[-7.95567,39.67179],[-7.95693,39.67389],[-7.95537,39.67551],[-7.95601,39.67725],[-7.95181,39.67781],[-7.94973,39.67973],[-7.95033,39.68032],[-7.95258,39.6799],[-7.95325,39.68034],[-7.95317,39.68124],[-7.95114,39.68234],[-7.95123,39.6831],[-7.95214,39.68417],[-7.95055,39.68662],[-7.9515,39.68746],[-7.95175,39.68917],[-7.95289,39.69116],[-7.95231,39.69345],[-7.95379,39.69645],[-7.95425,39.69917],[-7.9534,39.70052],[-7.95394,39.70305],[-7.95364,39.70393],[-7.95404,39.71158],[-7.95469,39.71208],[-7.9542,39.71339],[-7.9554,39.71434],[-7.95446,39.71446],[-7.95436,39.71565],[-7.95346,39.71649],[-7.95378,39.71758],[-7.95595,39.71772],[-7.95569,39.71905],[-7.95495,39.71845],[-7.95432,39.71903],[-7.95429,39.72074],[-7.95567,39.72224],[-7.95536,39.72324],[-7.9573,39.73124],[-7.95758,39.73692],[-7.95828,39.73893],[-7.9578,39.74105],[-7.95913,39.74064],[-7.96039,39.74259],[-7.962,39.74275],[-7.96197,39.74355],[-7.96372,39.74404],[-7.96437,39.74467],[-7.97012,39.74601],[-7.97007,39.74404],[-7.97174,39.74262],[-7.97316,39.7405],[-7.97233,39.74028],[-7.97201,39.7391],[-7.97323,39.73758],[-7.97644,39.73639],[-7.97743,39.73464],[-7.97926,39.73459],[-7.98251,39.73295],[-7.98356,39.73141],[-7.98605,39.73152],[-7.98619,39.73069],[-7.98682,39.73022],[-7.98672,39.72893],[-7.99091,39.72859],[-7.9927,39.73044],[-7.99266,39.73169],[-7.99417,39.73213],[-7.99536,39.7331],[-7.99996,39.73351],[-8.00043,39.73478],[-7.99952,39.7357],[-8,39.73636],[-7.99938,39.73869],[-7.99972,39.73902],[-7.9999,39.73863],[-8.00166,39.73868],[-8.00367,39.74072],[-8.0047,39.74334],[-8.00615,39.74323],[-8.00638,39.74368],[-8.0091,39.74416],[-8.01265,39.74398],[-8.01504,39.74288],[-8.01905,39.74253],[-8.0196,39.74138],[-8.02246,39.74129],[-8.02345,39.74021],[-8.02517,39.74151],[-8.02815,39.74169],[-8.02872,39.74247],[-8.03042,39.74266],[-8.03152,39.74225],[-8.03244,39.74291],[-8.03401,39.74255],[-8.03399,39.74345],[-8.03506,39.74488],[-8.03403,39.74559],[-8.03395,39.74653],[-8.03575,39.74693],[-8.03507,39.74766],[-8.03284,39.74754],[-8.03181,39.74912],[-8.03058,39.74951],[-8.02807,39.74903],[-8.02778,39.74727],[-8.02708,39.74693],[-8.02653,39.74737],[-8.02656,39.75146],[-8.02741,39.75184],[-8.02818,39.75087],[-8.02912,39.75096],[-8.02802,39.75216],[-8.02828,39.75404],[-8.02676,39.75559],[-8.02508,39.75592],[-8.02474,39.75363],[-8.0233,39.7522],[-8.02276,39.75253],[-8.02281,39.75377],[-8.02141,39.75398],[-8.02059,39.75285],[-8.01905,39.75283],[-8.0169,39.75662],[-8.01775,39.75685],[-8.01933,39.75606],[-8.02046,39.75607],[-8.02001,39.75716],[-8.02065,39.7579],[-8.02053,39.75925],[-8.02278,39.76109],[-8.02236,39.76171],[-8.02055,39.7615],[-8.02029,39.76279],[-8.01871,39.76294],[-8.01728,39.76148],[-8.01623,39.76139],[-8.01652,39.76318],[-8.01591,39.76382],[-8.01372,39.76388],[-8.01093,39.763],[-8.01014,39.76454],[-8.00871,39.76498],[-8.00848,39.76593],[-8.0109,39.76663],[-8.01107,39.76789],[-8.00925,39.7688],[-8.00834,39.76868],[-8.00741,39.76781],[-8.00581,39.76866],[-8.00418,39.76818],[-8.00136,39.76841],[-7.99729,39.76626],[-7.996,39.76678],[-7.9943,39.76877],[-7.99284,39.76906],[-7.99057,39.76859],[-7.98971,39.76981],[-7.98883,39.77032],[-7.9871,39.76995],[-7.98498,39.76795],[-7.98162,39.76963],[-7.97821,39.77332],[-7.9754,39.77425],[-7.97172,39.77859],[-7.96758,39.78108],[-7.96451,39.78139],[-7.96335,39.7841],[-7.96005,39.78421],[-7.95898,39.78565],[-7.95906,39.78681],[-7.96005,39.78811],[-7.95939,39.7893],[-7.96262,39.79196],[-7.95894,39.7931],[-7.95842,39.7929],[-7.95843,39.79233],[-7.95622,39.79212],[-7.9568,39.79327],[-7.95662,39.79432],[-7.95556,39.7947],[-7.95567,39.79359],[-7.95506,39.79351],[-7.94845,39.80008],[-7.94958,39.80082],[-7.94977,39.80382],[-7.94731,39.80315],[-7.94546,39.80372],[-7.94492,39.80307],[-7.94667,39.79912],[-7.94741,39.79835],[-7.94506,39.79773],[-7.94179,39.79932],[-7.94032,39.797],[-7.93928,39.79599],[-7.93847,39.79604],[-7.93677,39.79756],[-7.9371,39.80136],[-7.93218,39.80124],[-7.93169,39.80308],[-7.93283,39.80406],[-7.92842,39.80412],[-7.92759,39.80657],[-7.92867,39.80653],[-7.92894,39.8054],[-7.93067,39.80613],[-7.92928,39.81024],[-7.93117,39.81019],[-7.93048,39.81117],[-7.93234,39.81115],[-7.93397,39.81266],[-7.93385,39.81337],[-7.93119,39.81293],[-7.93037,39.81375],[-7.92768,39.81478],[-7.92571,39.81479],[-7.92427,39.81602],[-7.92212,39.81526],[-7.92173,39.81551],[-7.92201,39.81616],[-7.92026,39.81472],[-7.92121,39.8139],[-7.92024,39.81314],[-7.9174,39.81474],[-7.91571,39.81456],[-7.91569,39.81495],[-7.91746,39.81555],[-7.91528,39.8166],[-7.91518,39.81561],[-7.91324,39.8148],[-7.91347,39.81438],[-7.91447,39.81449],[-7.91533,39.81384],[-7.9145,39.81319],[-7.91191,39.81337],[-7.91232,39.8122],[-7.90956,39.81071],[-7.90916,39.81174],[-7.90792,39.8126],[-7.90766,39.8139],[-7.90517,39.81308],[-7.90553,39.81515],[-7.90416,39.81559],[-7.90456,39.81666],[-7.90296,39.81745],[-7.90472,39.81873],[-7.90269,39.8196],[-7.90236,39.82034],[-7.90281,39.82099],[-7.90133,39.82239],[-7.89717,39.81919],[-7.89511,39.81834],[-7.88797,39.81834],[-7.87687,39.81945],[-7.87364,39.82255],[-7.86614,39.82729],[-7.86453,39.82754],[-7.86184,39.82882],[-7.86076,39.83015],[-7.85805,39.8317],[-7.85499,39.83442],[-7.85371,39.83612],[-7.85275,39.83923],[-7.85224,39.84644],[-7.85405,39.84896],[-7.85458,39.85158],[-7.85604,39.85309],[-7.85661,39.85484],[-7.85786,39.85529],[-7.85877,39.85741],[-7.85805,39.85881],[-7.85821,39.86027],[-7.85613,39.86478],[-7.85248,39.86767],[-7.85026,39.86865],[-7.85069,39.86693],[-7.84346,39.86484],[-7.84072,39.86343],[-7.83917,39.86364],[-7.83731,39.8656],[-7.83603,39.86626],[-7.83359,39.86634],[-7.83157,39.86503],[-7.82605,39.86466],[-7.8255,39.8635],[-7.82357,39.86278],[-7.81272,39.86405],[-7.80747,39.86111],[-7.80224,39.86165],[-7.79952,39.86301],[-7.79863,39.86292],[-7.79383,39.86481],[-7.79287,39.86703],[-7.79136,39.86747],[-7.78975,39.86867],[-7.78345,39.87061],[-7.77928,39.87025],[-7.77854,39.86733],[-7.77916,39.86626],[-7.77687,39.86532],[-7.77614,39.86153],[-7.77695,39.86084],[-7.7765,39.85851],[-7.77552,39.85856],[-7.77441,39.85622],[-7.771,39.85495],[-7.76966,39.85304],[-7.76764,39.85227],[-7.76608,39.85072],[-7.76639,39.8498],[-7.76601,39.84941],[-7.76647,39.84872],[-7.76598,39.84699],[-7.76181,39.84607],[-7.76191,39.84519],[-7.76364,39.84411],[-7.76406,39.84299],[-7.76548,39.84225],[-7.7643,39.84039],[-7.76479,39.83891],[-7.76605,39.83825],[-7.76278,39.83531],[-7.76356,39.83459],[-7.76214,39.83361],[-7.76212,39.83307],[-7.75991,39.83277],[-7.75761,39.83174],[-7.75759,39.83081],[-7.75709,39.83034],[-7.7576,39.82948],[-7.75701,39.82936],[-7.75657,39.82809],[-7.75699,39.82704],[-7.7578,39.82684],[-7.75824,39.82614],[-7.75739,39.82553],[-7.75758,39.82472],[-7.75691,39.82218],[-7.75777,39.82101],[-7.75519,39.8202],[-7.75265,39.81843],[-7.75229,39.81612],[-7.7565,39.8109],[-7.75591,39.81033],[-7.75282,39.81008],[-7.75344,39.80851],[-7.75461,39.80771],[-7.75416,39.80458],[-7.75481,39.80374],[-7.76015,39.8022],[-7.76132,39.80165],[-7.76169,39.80085],[-7.76046,39.79731],[-7.75998,39.79256],[-7.76122,39.78709],[-7.76039,39.78476],[-7.75858,39.78253],[-7.75886,39.77997],[-7.7582,39.77857],[-7.75572,39.77785],[-7.75459,39.77697],[-7.75468,39.77593],[-7.75654,39.77456],[-7.75682,39.773],[-7.75419,39.7723],[-7.75295,39.76986],[-7.75443,39.76853],[-7.75154,39.76779],[-7.75014,39.76697],[-7.74938,39.76531],[-7.75178,39.76213],[-7.74884,39.76106],[-7.74654,39.76096],[-7.74618,39.75865],[-7.74703,39.7561],[-7.74389,39.75428],[-7.74145,39.75165],[-7.7423,39.74925],[-7.74196,39.74848],[-7.73967,39.74665],[-7.73978,39.74565],[-7.74118,39.74406],[-7.74095,39.74139],[-7.74233,39.73863],[-7.74213,39.73695],[-7.74581,39.73517],[-7.75031,39.73492],[-7.75315,39.73665],[-7.75628,39.73666],[-7.75879,39.73513],[-7.76125,39.73203],[-7.76732,39.73105],[-7.76919,39.73008],[-7.77035,39.72832],[-7.77182,39.72823],[-7.77246,39.72758],[-7.77234,39.72692],[-7.76715,39.72292],[-7.76662,39.72173],[-7.76727,39.71802],[-7.77174,39.71398],[-7.77241,39.71263],[-7.77219,39.71081],[-7.76796,39.70993],[-7.76644,39.709],[-7.76585,39.70734],[-7.76948,39.70104],[-7.76802,39.69839],[-7.76863,39.69686],[-7.77269,39.69667],[-7.7746,39.69584],[-7.77507,39.69457],[-7.77325,39.69214],[-7.77325,39.68868],[-7.77541,39.68518],[-7.77851,39.68454],[-7.77991,39.68376],[-7.78083,39.68208],[-7.78163,39.67828],[-7.77959,39.67249],[-7.78092,39.67091],[-7.78456,39.66993],[-7.78652,39.6667]]]]}},{"type":"Feature","properties":{"distrito_ilha":"Castelo Branco","dtmn":"0509","municipio":"Sertã"},"geometry":{"type":"MultiPolygon","coordinates":[[[[-8.02181,39.76166],[-8.02256,39.76163],[-8.02264,39.7607],[-8.02053,39.75925],[-8.02065,39.7579],[-8.02001,39.75716],[-8.02052,39.75636],[-8.02001,39.75592],[-8.01775,39.75685],[-8.0169,39.75662],[-8.01916,39.75275],[-8.02038,39.75275],[-8.02141,39.75398],[-8.02272,39.75392],[-8.02276,39.75253],[-8.02351,39.75225],[-8.02474,39.75363],[-8.02495,39.75572],[-8.02546,39.75607],[-8.02657,39.75572],[-8.02828,39.75404],[-8.02802,39.75216],[-8.02912,39.75096],[-8.02837,39.75077],[-8.02741,39.75184],[-8.02647,39.75129],[-8.02676,39.74699],[-8.02785,39.74736],[-8.02785,39.74882],[-8.03071,39.74949],[-8.03211,39.74888],[-8.03309,39.74748],[-8.03507,39.74766],[-8.03617,39.74677],[-8.03737,39.74783],[-8.03945,39.74667],[-8.03974,39.7451],[-8.03887,39.74361],[-8.03889,39.74281],[-8.0435,39.7417],[-8.04183,39.73969],[-8.04181,39.73908],[-8.04552,39.73986],[-8.04646,39.73853],[-8.04633,39.73701],[-8.04945,39.73872],[-8.05049,39.73698],[-8.05244,39.73585],[-8.05472,39.7361],[-8.05567,39.73499],[-8.05764,39.73529],[-8.05876,39.73444],[-8.06074,39.73622],[-8.06083,39.738],[-8.06218,39.73799],[-8.06293,39.73648],[-8.06419,39.73573],[-8.06702,39.73535],[-8.06713,39.73485],[-8.06603,39.734],[-8.06631,39.73322],[-8.06876,39.73326],[-8.07096,39.73167],[-8.07416,39.7317],[-8.07821,39.73326],[-8.08281,39.73207],[-8.08672,39.73373],[-8.09134,39.733],[-8.09387,39.73085],[-8.09885,39.72972],[-8.09925,39.72926],[-8.09885,39.72801],[-8.10015,39.72796],[-8.10313,39.72942],[-8.10478,39.72902],[-8.109,39.72967],[-8.11038,39.73205],[-8.11204,39.7331],[-8.11567,39.73405],[-8.11777,39.73545],[-8.12105,39.73452],[-8.12266,39.73693],[-8.12599,39.73681],[-8.12706,39.73751],[-8.12689,39.73842],[-8.12581,39.7394],[-8.12697,39.74076],[-8.12633,39.7431],[-8.12765,39.74353],[-8.12915,39.74228],[-8.13174,39.74313],[-8.13265,39.74602],[-8.13437,39.74633],[-8.13699,39.74458],[-8.13882,39.74477],[-8.14024,39.74548],[-8.14219,39.74416],[-8.14384,39.74415],[-8.14451,39.74474],[-8.14383,39.74733],[-8.14446,39.74882],[-8.14562,39.74969],[-8.14909,39.7504],[-8.15156,39.74938],[-8.15437,39.7522],[-8.16142,39.75349],[-8.16252,39.75648],[-8.1641,39.75699],[-8.16596,39.7566],[-8.16777,39.75765],[-8.16935,39.75989],[-8.17687,39.75654],[-8.18196,39.75781],[-8.18564,39.75689],[-8.18466,39.7541],[-8.18684,39.75196],[-8.19322,39.74875],[-8.19863,39.74891],[-8.19923,39.74718],[-8.19718,39.74578],[-8.19685,39.74535],[-8.1976,39.74468],[-8.20033,39.74449],[-8.20413,39.74315],[-8.20539,39.74351],[-8.2075,39.74503],[-8.20852,39.74513],[-8.20939,39.74456],[-8.20899,39.74084],[-8.20934,39.7381],[-8.21291,39.73699],[-8.21331,39.7358],[-8.21215,39.73432],[-8.21313,39.734],[-8.21553,39.73428],[-8.21832,39.73246],[-8.21922,39.72891],[-8.2204,39.72776],[-8.223,39.72755],[-8.2253,39.7293],[-8.22651,39.72967],[-8.228,39.7294],[-8.23213,39.72698],[-8.23704,39.73013],[-8.23753,39.73148],[-8.23707,39.73502],[-8.23397,39.74007],[-8.22886,39.74188],[-8.22788,39.74288],[-8.22771,39.74501],[-8.22933,39.74894],[-8.2289,39.75395],[-8.23137,39.75853],[-8.23207,39.7628],[-8.2352,39.76544],[-8.2374,39.7699],[-8.24111,39.77425],[-8.2424,39.77849],[-8.24362,39.77921],[-8.24633,39.77906],[-8.25311,39.77629],[-8.26016,39.77081],[-8.26368,39.76868],[-8.26549,39.76872],[-8.26694,39.76984],[-8.26924,39.77478],[-8.27023,39.7745],[-8.27243,39.77258],[-8.27403,39.77276],[-8.28119,39.77697],[-8.28296,39.77864],[-8.28434,39.78163],[-8.28412,39.78348],[-8.28249,39.78435],[-8.28146,39.78579],[-8.28137,39.78881],[-8.28493,39.79421],[-8.28509,39.79576],[-8.28413,39.79808],[-8.28409,39.79936],[-8.2911,39.80243],[-8.29302,39.80631],[-8.29294,39.80867],[-8.29105,39.81109],[-8.28607,39.81204],[-8.28462,39.81289],[-8.28203,39.81908],[-8.27888,39.82043],[-8.27202,39.81947],[-8.27056,39.82355],[-8.27071,39.82581],[-8.27435,39.82946],[-8.27741,39.83679],[-8.27636,39.84115],[-8.27531,39.84234],[-8.27373,39.84315],[-8.26873,39.84262],[-8.26519,39.843],[-8.25876,39.84178],[-8.25509,39.84247],[-8.24965,39.84595],[-8.24603,39.84633],[-8.24306,39.84599],[-8.23408,39.8466],[-8.2322,39.84857],[-8.22737,39.85601],[-8.21909,39.85346],[-8.2162,39.85069],[-8.21336,39.85026],[-8.20908,39.85133],[-8.2048,39.85409],[-8.20041,39.85595],[-8.19737,39.85943],[-8.19967,39.864],[-8.19946,39.86575],[-8.19274,39.87016],[-8.18878,39.87079],[-8.18626,39.87202],[-8.18516,39.87354],[-8.18854,39.87676],[-8.18854,39.87826],[-8.18681,39.8807],[-8.18569,39.8815],[-8.1766,39.87836],[-8.17157,39.87536],[-8.1685,39.87516],[-8.16708,39.87553],[-8.16571,39.87708],[-8.16586,39.88073],[-8.16499,39.88209],[-8.16289,39.88295],[-8.15838,39.88284],[-8.15537,39.88473],[-8.15096,39.88476],[-8.14917,39.88535],[-8.14586,39.88918],[-8.14148,39.89281],[-8.13979,39.89486],[-8.14198,39.8986],[-8.14141,39.90164],[-8.14033,39.90274],[-8.13838,39.90855],[-8.13312,39.91554],[-8.12855,39.92592],[-8.123,39.92792],[-8.11965,39.93019],[-8.11889,39.93158],[-8.11867,39.93407],[-8.12071,39.9388],[-8.12076,39.94118],[-8.11931,39.94484],[-8.11592,39.94804],[-8.11464,39.94869],[-8.11292,39.94845],[-8.10266,39.94263],[-8.09896,39.94121],[-8.09045,39.94142],[-8.0869,39.94323],[-8.08353,39.93957],[-8.08139,39.93834],[-8.07918,39.93631],[-8.07764,39.93369],[-8.07464,39.93112],[-8.07113,39.92705],[-8.06637,39.92431],[-8.05665,39.9225],[-8.05404,39.92116],[-8.05215,39.92105],[-8.05051,39.91963],[-8.05014,39.91747],[-8.04807,39.91557],[-8.04811,39.91324],[-8.04595,39.91183],[-8.04529,39.90861],[-8.0444,39.90735],[-8.0433,39.90713],[-8.03981,39.90333],[-8.03747,39.90378],[-8.0351,39.90306],[-8.03392,39.90328],[-8.0307,39.90276],[-8.02802,39.90319],[-8.02466,39.90458],[-8.01409,39.90503],[-8.01117,39.90452],[-8.00693,39.90254],[-8.00293,39.90143],[-8.00234,39.90043],[-7.99613,39.89833],[-7.99291,39.89414],[-7.993,39.89353],[-7.99417,39.89369],[-7.99383,39.88946],[-7.99262,39.88705],[-7.98908,39.88721],[-7.98761,39.88671],[-7.98612,39.8854],[-7.98627,39.88123],[-7.98452,39.87948],[-7.98568,39.87709],[-7.98407,39.87696],[-7.98066,39.87536],[-7.97799,39.87545],[-7.97605,39.87616],[-7.97312,39.87563],[-7.973,39.87473],[-7.97114,39.87267],[-7.97146,39.87342],[-7.97079,39.87373],[-7.96783,39.87283],[-7.96744,39.87373],[-7.96516,39.87314],[-7.96396,39.87374],[-7.96262,39.87262],[-7.96231,39.87158],[-7.95848,39.87165],[-7.95778,39.87053],[-7.95563,39.87037],[-7.95554,39.86993],[-7.95648,39.86969],[-7.9543,39.86822],[-7.95362,39.86875],[-7.9518,39.8686],[-7.95266,39.86766],[-7.95212,39.8668],[-7.9487,39.86592],[-7.94864,39.86653],[-7.94715,39.86711],[-7.94574,39.86695],[-7.94575,39.8663],[-7.94423,39.86536],[-7.94251,39.86583],[-7.94131,39.86542],[-7.94035,39.86603],[-7.94014,39.86492],[-7.93822,39.86485],[-7.93829,39.86407],[-7.93678,39.86376],[-7.93673,39.86312],[-7.93747,39.86299],[-7.93706,39.86179],[-7.93556,39.86141],[-7.93203,39.86222],[-7.93044,39.86132],[-7.92787,39.86129],[-7.92261,39.85744],[-7.91847,39.85633],[-7.91586,39.85487],[-7.918,39.85046],[-7.91669,39.83603],[-7.9177,39.83283],[-7.91867,39.83172],[-7.9183,39.83009],[-7.91855,39.82719],[-7.92009,39.82421],[-7.92278,39.82299],[-7.92153,39.81866],[-7.92198,39.81528],[-7.92427,39.81602],[-7.92551,39.81487],[-7.92801,39.8147],[-7.93037,39.81375],[-7.93119,39.81293],[-7.93364,39.81342],[-7.93402,39.81276],[-7.93234,39.81115],[-7.93048,39.81117],[-7.93117,39.81019],[-7.92928,39.81024],[-7.93067,39.80613],[-7.92894,39.8054],[-7.92858,39.8066],[-7.92749,39.80637],[-7.92842,39.80412],[-7.93283,39.80406],[-7.93181,39.80351],[-7.93176,39.80181],[-7.93253,39.80114],[-7.93596,39.80163],[-7.93726,39.801],[-7.93677,39.79756],[-7.93902,39.79586],[-7.94032,39.797],[-7.94179,39.79932],[-7.94506,39.79773],[-7.94748,39.79849],[-7.94667,39.79912],[-7.94502,39.80356],[-7.94624,39.80365],[-7.94731,39.80315],[-7.94977,39.80382],[-7.94958,39.80082],[-7.94845,39.80008],[-7.95506,39.79351],[-7.95567,39.79359],[-7.95545,39.79464],[-7.95619,39.79465],[-7.95686,39.79366],[-7.9563,39.79208],[-7.9586,39.79239],[-7.95856,39.79307],[-7.96166,39.79252],[-7.96251,39.79211],[-7.96254,39.7916],[-7.95939,39.7893],[-7.96005,39.78811],[-7.95897,39.78653],[-7.95915,39.78498],[-7.9603,39.78416],[-7.96318,39.7842],[-7.96451,39.78139],[-7.96758,39.78108],[-7.9722,39.7782],[-7.97517,39.77441],[-7.97821,39.77332],[-7.98162,39.76963],[-7.98484,39.76792],[-7.9871,39.76995],[-7.98914,39.77023],[-7.99057,39.76859],[-7.99404,39.76889],[-7.996,39.76678],[-7.99788,39.76637],[-8.00176,39.76851],[-8.00418,39.76818],[-8.00581,39.76866],[-8.00741,39.76781],[-8.0089,39.76882],[-8.01114,39.76772],[-8.0109,39.76663],[-8.0084,39.76574],[-8.00871,39.76498],[-8.01014,39.76454],[-8.01093,39.763],[-8.01307,39.76377],[-8.01616,39.76369],[-8.01652,39.76318],[-8.01634,39.76131],[-8.01709,39.76135],[-8.01898,39.763],[-8.02029,39.76279],[-8.02042,39.76158],[-8.02181,39.76166]]]]}},{"type":"Feature","properties":{"distrito_ilha":"Castelo Branco","dtmn":"0510","municipio":"Vila de Rei"},"geometry":{"type":"MultiPolygon","coordinates":[[[[-8.23692,39.71163],[-8.23409,39.71318],[-8.23323,39.71562],[-8.23572,39.72045],[-8.23492,39.7223],[-8.23166,39.72521],[-8.23213,39.72698],[-8.228,39.7294],[-8.22591,39.72961],[-8.223,39.72755],[-8.22109,39.72751],[-8.21922,39.72891],[-8.21832,39.73246],[-8.21553,39.73428],[-8.21256,39.73403],[-8.21214,39.73475],[-8.21331,39.7358],[-8.21291,39.73699],[-8.20934,39.7381],[-8.20899,39.74084],[-8.20954,39.74382],[-8.20939,39.74456],[-8.20852,39.74513],[-8.2075,39.74503],[-8.20539,39.74351],[-8.20413,39.74315],[-8.2017,39.74415],[-8.19702,39.74498],[-8.19718,39.74578],[-8.19923,39.74718],[-8.19822,39.74914],[-8.19322,39.74875],[-8.18594,39.75253],[-8.18466,39.7541],[-8.18555,39.75614],[-8.18527,39.75725],[-8.18196,39.75781],[-8.17687,39.75654],[-8.16935,39.75989],[-8.16777,39.75765],[-8.16625,39.75663],[-8.1641,39.75699],[-8.16252,39.75648],[-8.16142,39.75349],[-8.15437,39.7522],[-8.15156,39.74938],[-8.14909,39.7504],[-8.14562,39.74969],[-8.14401,39.748],[-8.14393,39.74652],[-8.14451,39.74474],[-8.14384,39.74415],[-8.14219,39.74416],[-8.14071,39.74541],[-8.13699,39.74458],[-8.13488,39.74611],[-8.13277,39.74616],[-8.13197,39.74341],[-8.12959,39.74221],[-8.12846,39.74257],[-8.12765,39.74353],[-8.12626,39.74291],[-8.12697,39.74076],[-8.12581,39.73974],[-8.12707,39.73794],[-8.12697,39.73734],[-8.12599,39.73681],[-8.12266,39.73693],[-8.12198,39.73644],[-8.12123,39.73457],[-8.11747,39.73537],[-8.11567,39.73405],[-8.11152,39.73285],[-8.11005,39.73166],[-8.109,39.72967],[-8.10478,39.72902],[-8.10313,39.72942],[-8.09912,39.72784],[-8.09883,39.72852],[-8.09925,39.72926],[-8.09738,39.73026],[-8.09425,39.7307],[-8.09192,39.73276],[-8.08739,39.73382],[-8.08343,39.73209],[-8.08141,39.73224],[-8.07821,39.73326],[-8.07416,39.7317],[-8.07138,39.73156],[-8.06876,39.73326],[-8.06612,39.73331],[-8.06598,39.7339],[-8.06713,39.73485],[-8.06684,39.73547],[-8.06392,39.73581],[-8.06293,39.73648],[-8.06253,39.73766],[-8.06156,39.7382],[-8.06077,39.7379],[-8.06085,39.73639],[-8.05866,39.73439],[-8.0577,39.73528],[-8.05612,39.73488],[-8.05518,39.73586],[-8.05438,39.73564],[-8.05559,39.73209],[-8.05415,39.72948],[-8.05436,39.72894],[-8.05376,39.72859],[-8.05327,39.72673],[-8.05352,39.72614],[-8.05255,39.726],[-8.05239,39.72464],[-8.05056,39.72417],[-8.05114,39.72336],[-8.05032,39.7223],[-8.05056,39.72082],[-8.05006,39.71991],[-8.05048,39.71781],[-8.05323,39.71631],[-8.05303,39.71466],[-8.05364,39.71271],[-8.0532,39.71001],[-8.05472,39.7078],[-8.05401,39.70666],[-8.05455,39.70452],[-8.05546,39.70445],[-8.05549,39.70388],[-8.0549,39.70349],[-8.05519,39.70314],[-8.05612,39.70339],[-8.05703,39.70206],[-8.05707,39.70094],[-8.05661,39.70043],[-8.0578,39.70024],[-8.05841,39.69889],[-8.05775,39.69861],[-8.05839,39.6978],[-8.05936,39.6978],[-8.06165,39.69672],[-8.06112,39.69519],[-8.06238,39.69263],[-8.06031,39.69133],[-8.06057,39.69109],[-8.0596,39.69024],[-8.06077,39.68865],[-8.05888,39.68792],[-8.05913,39.6871],[-8.05843,39.68513],[-8.05916,39.68129],[-8.058,39.67991],[-8.05815,39.67907],[-8.05766,39.67836],[-8.05816,39.67791],[-8.05776,39.6772],[-8.05808,39.67476],[-8.05722,39.67437],[-8.05874,39.6728],[-8.05797,39.67194],[-8.05969,39.6711],[-8.05956,39.67056],[-8.06084,39.66835],[-8.06703,39.66795],[-8.06873,39.66897],[-8.06959,39.66859],[-8.07143,39.66874],[-8.07216,39.66793],[-8.07382,39.66419],[-8.07493,39.66382],[-8.0739,39.6625],[-8.07377,39.66116],[-8.07528,39.65971],[-8.07729,39.65876],[-8.07884,39.657],[-8.07801,39.6568],[-8.07743,39.656],[-8.07793,39.6551],[-8.07554,39.6544],[-8.07289,39.65102],[-8.07357,39.65054],[-8.07187,39.64782],[-8.07187,39.64681],[-8.07051,39.64582],[-8.0697,39.64449],[-8.07086,39.64404],[-8.07046,39.64324],[-8.06599,39.64],[-8.0668,39.63785],[-8.06795,39.63805],[-8.06764,39.6359],[-8.06803,39.63472],[-8.06453,39.63426],[-8.05357,39.61651],[-8.05587,39.61792],[-8.05879,39.61798],[-8.0596,39.61729],[-8.06266,39.6181],[-8.06301,39.61873],[-8.06473,39.61957],[-8.0671,39.61948],[-8.06699,39.62035],[-8.0696,39.62081],[-8.07192,39.61992],[-8.07344,39.61868],[-8.07511,39.61866],[-8.0792,39.61701],[-8.07976,39.61612],[-8.08159,39.61577],[-8.08218,39.61499],[-8.08464,39.61393],[-8.08644,39.61439],[-8.08754,39.61364],[-8.08911,39.61358],[-8.0911,39.61275],[-8.09249,39.61328],[-8.09689,39.61271],[-8.09793,39.61354],[-8.09924,39.61345],[-8.10067,39.61425],[-8.10156,39.61383],[-8.10207,39.6129],[-8.10302,39.61379],[-8.10404,39.61389],[-8.10513,39.6131],[-8.10805,39.61404],[-8.10982,39.61352],[-8.11059,39.61466],[-8.1124,39.61439],[-8.11395,39.61528],[-8.1176,39.61432],[-8.12003,39.61162],[-8.12156,39.61187],[-8.12223,39.61358],[-8.12691,39.6147],[-8.12925,39.61318],[-8.13068,39.6134],[-8.13434,39.61127],[-8.13717,39.61249],[-8.13961,39.61235],[-8.1408,39.61369],[-8.14313,39.6135],[-8.14527,39.61398],[-8.14802,39.61711],[-8.15074,39.61757],[-8.15127,39.61819],[-8.15123,39.6198],[-8.15371,39.62017],[-8.15414,39.6217],[-8.15328,39.62288],[-8.1532,39.6238],[-8.15488,39.6243],[-8.15671,39.62353],[-8.16276,39.62403],[-8.16243,39.62644],[-8.16611,39.62658],[-8.16894,39.62499],[-8.17488,39.62462],[-8.17624,39.62619],[-8.18128,39.62978],[-8.1899,39.63323],[-8.19595,39.63347],[-8.19958,39.63548],[-8.20839,39.63713],[-8.21186,39.63709],[-8.21568,39.6364],[-8.21949,39.63698],[-8.22035,39.63824],[-8.22117,39.64129],[-8.22568,39.64448],[-8.23193,39.64645],[-8.23374,39.64621],[-8.23544,39.64488],[-8.23599,39.64304],[-8.23737,39.64176],[-8.23392,39.65134],[-8.23273,39.65925],[-8.22939,39.66399],[-8.22888,39.66582],[-8.22913,39.67558],[-8.23034,39.68038],[-8.23245,39.6827],[-8.22985,39.68792],[-8.231,39.6925],[-8.23017,39.69677],[-8.22658,39.70076],[-8.22542,39.70517],[-8.22638,39.70653],[-8.22816,39.70702],[-8.23015,39.70638],[-8.23165,39.70418],[-8.23269,39.70353],[-8.2344,39.70348],[-8.23627,39.70433],[-8.2376,39.70611],[-8.23814,39.70966],[-8.23692,39.71163]]]]}},{"type":"Feature","properties":{"distrito_ilha":"Coimbra","dtmn":"0612","municipio":"Pampilhosa da Serra"},"geometry":{"type":"MultiPolygon","coordinates":[[[[-8.10381,39.96067],[-8.10222,39.96023],[-8.10109,39.96052],[-8.10053,39.96204],[-8.10132,39.9633],[-8.10475,39.96566],[-8.10542,39.96745],[-8.10464,39.96953],[-8.10095,39.97005],[-8.10045,39.97234],[-8.09903,39.97338],[-8.0959,39.97333],[-8.09069,39.9768],[-8.08582,39.97834],[-8.08525,39.97889],[-8.08543,39.97941],[-8.09015,39.98153],[-8.09033,39.98245],[-8.08971,39.98401],[-8.09099,39.98672],[-8.09094,39.98876],[-8.08992,39.99028],[-8.08766,39.99067],[-8.08643,39.99282],[-8.08267,39.99483],[-8.07775,39.99225],[-8.07592,39.99246],[-8.07379,39.99325],[-8.07348,39.99425],[-8.07574,39.99588],[-8.07608,39.99748],[-8.0756,39.99907],[-8.07465,40.00001],[-8.07526,40.00117],[-8.07832,40.00173],[-8.07645,40.00593],[-8.0755,40.00579],[-8.07435,40.00437],[-8.07113,40.00459],[-8.06774,40.00725],[-8.06526,40.00851],[-8.06274,40.00887],[-8.06085,40.0108],[-8.0589,40.01014],[-8.05625,40.01037],[-8.05431,40.00968],[-8.05424,40.01045],[-8.05577,40.01196],[-8.05529,40.01376],[-8.05191,40.01504],[-8.05063,40.01636],[-8.05024,40.01792],[-8.04911,40.01899],[-8.04813,40.01765],[-8.04516,40.01676],[-8.04519,40.01464],[-8.04453,40.01421],[-8.04339,40.01471],[-8.04271,40.01707],[-8.04149,40.01901],[-8.04028,40.01983],[-8.03731,40.01727],[-8.03563,40.01658],[-8.03132,40.01662],[-8.03354,40.02043],[-8.03312,40.02328],[-8.03182,40.02399],[-8.03302,40.02534],[-8.03281,40.02721],[-8.03115,40.03071],[-8.03233,40.03231],[-8.03042,40.03453],[-8.0313,40.03602],[-8.03161,40.038],[-8.03073,40.03923],[-8.03137,40.04137],[-8.03099,40.04432],[-8.03229,40.04532],[-8.03421,40.04999],[-8.03309,40.05184],[-8.03382,40.05424],[-8.03561,40.05574],[-8.03621,40.05736],[-8.03758,40.05855],[-8.03741,40.05992],[-8.04069,40.06414],[-8.04279,40.07736],[-8.04181,40.07861],[-8.0426,40.07962],[-8.05058,40.08318],[-8.0532,40.08525],[-8.06098,40.08841],[-8.05854,40.09118],[-8.05816,40.09266],[-8.05706,40.09354],[-8.05612,40.09632],[-8.05731,40.099],[-8.05439,40.09841],[-8.0518,40.10094],[-8.04291,40.10448],[-8.04017,40.10679],[-8.03914,40.10829],[-8.03897,40.10973],[-8.03118,40.11084],[-8.0258,40.11049],[-8.024,40.1114],[-8.02033,40.11137],[-8.01467,40.1122],[-8.01195,40.11197],[-8.00862,40.11313],[-8.00685,40.11441],[-7.99886,40.11459],[-7.99698,40.11427],[-7.99362,40.1122],[-7.98502,40.1115],[-7.98272,40.11084],[-7.98213,40.10955],[-7.97323,40.10499],[-7.96148,40.10365],[-7.95734,40.1039],[-7.95272,40.10716],[-7.95211,40.11038],[-7.9495,40.11422],[-7.94867,40.11727],[-7.952,40.11818],[-7.95715,40.1178],[-7.95955,40.11863],[-7.96444,40.12163],[-7.96301,40.12284],[-7.96529,40.12548],[-7.96491,40.12713],[-7.96693,40.1312],[-7.96819,40.1314],[-7.96928,40.13058],[-7.97414,40.13172],[-7.97394,40.13404],[-7.97536,40.13504],[-7.97589,40.13616],[-7.97426,40.13639],[-7.97438,40.13691],[-7.97706,40.13764],[-7.97678,40.13828],[-7.97731,40.13883],[-7.97688,40.13945],[-7.97765,40.13976],[-7.97717,40.14009],[-7.97589,40.13919],[-7.97252,40.13784],[-7.9713,40.13799],[-7.97086,40.13892],[-7.96999,40.13939],[-7.96992,40.14077],[-7.9686,40.14179],[-7.96553,40.14223],[-7.96397,40.14347],[-7.96398,40.1443],[-7.96472,40.14483],[-7.96713,40.14349],[-7.96786,40.14406],[-7.96513,40.1458],[-7.96337,40.14793],[-7.96219,40.14872],[-7.96274,40.15049],[-7.96437,40.15109],[-7.96372,40.15219],[-7.96096,40.1527],[-7.96095,40.15102],[-7.95908,40.15325],[-7.9563,40.1517],[-7.95446,40.15343],[-7.9526,40.15329],[-7.94987,40.15402],[-7.9478,40.15316],[-7.94716,40.15381],[-7.94861,40.15418],[-7.94986,40.15582],[-7.94828,40.1574],[-7.95111,40.15827],[-7.95083,40.15916],[-7.9498,40.15972],[-7.94899,40.16155],[-7.94746,40.16238],[-7.94692,40.16188],[-7.94777,40.16085],[-7.9467,40.16049],[-7.94506,40.16167],[-7.94377,40.1604],[-7.94289,40.16083],[-7.94314,40.16316],[-7.94119,40.16425],[-7.93989,40.16635],[-7.93788,40.16724],[-7.93665,40.17001],[-7.93525,40.17033],[-7.93262,40.16984],[-7.93098,40.1703],[-7.92931,40.16865],[-7.92674,40.17028],[-7.92384,40.16858],[-7.92279,40.16909],[-7.9229,40.16961],[-7.92185,40.16994],[-7.91933,40.17298],[-7.91833,40.17343],[-7.9177,40.17295],[-7.91314,40.17426],[-7.91218,40.17542],[-7.91115,40.17517],[-7.91044,40.17613],[-7.91105,40.1791],[-7.91059,40.18075],[-7.90401,40.18383],[-7.90385,40.18543],[-7.9025,40.18688],[-7.90205,40.19021],[-7.90333,40.19104],[-7.90177,40.19292],[-7.90186,40.19345],[-7.89965,40.19538],[-7.89976,40.19715],[-7.89824,40.19745],[-7.89637,40.20145],[-7.89259,40.20287],[-7.89148,40.20544],[-7.89167,40.20632],[-7.88864,40.20801],[-7.88814,40.20893],[-7.88485,40.20959],[-7.88407,40.21055],[-7.88261,40.2109],[-7.87646,40.21037],[-7.87579,40.20975],[-7.87546,40.20775],[-7.87314,40.2036],[-7.87546,40.19705],[-7.87423,40.19365],[-7.8678,40.1901],[-7.8655,40.18977],[-7.85432,40.19396],[-7.84988,40.19432],[-7.84516,40.18959],[-7.84309,40.18848],[-7.84275,40.18728],[-7.84065,40.18837],[-7.84024,40.18673],[-7.83944,40.18634],[-7.83783,40.18955],[-7.83742,40.19649],[-7.82796,40.20353],[-7.82494,40.20235],[-7.82172,40.19997],[-7.8186,40.19843],[-7.81755,40.19608],[-7.81391,40.19543],[-7.81087,40.19082],[-7.80808,40.18464],[-7.80904,40.18178],[-7.80758,40.18166],[-7.80335,40.17866],[-7.80079,40.17586],[-7.8016,40.17034],[-7.80162,40.16857],[-7.80096,40.16657],[-7.79827,40.16287],[-7.79435,40.15954],[-7.79067,40.15823],[-7.78844,40.15832],[-7.78579,40.15923],[-7.7809,40.15887],[-7.77612,40.15757],[-7.77425,40.15565],[-7.77355,40.15362],[-7.77448,40.15047],[-7.77425,40.14553],[-7.76883,40.14139],[-7.76533,40.13993],[-7.75888,40.1358],[-7.75654,40.13503],[-7.75474,40.13235],[-7.75015,40.13044],[-7.74767,40.13021],[-7.74504,40.12817],[-7.74127,40.12664],[-7.74022,40.12671],[-7.73603,40.12391],[-7.73579,40.12221],[-7.73459,40.1198],[-7.73495,40.11153],[-7.73358,40.10712],[-7.73176,40.106],[-7.73287,40.10423],[-7.73513,40.1034],[-7.73714,40.10426],[-7.73956,40.10436],[-7.74388,40.1018],[-7.7477,40.10153],[-7.75146,40.10008],[-7.75157,40.0984],[-7.75087,40.09755],[-7.74712,40.09742],[-7.74503,40.09789],[-7.74248,40.09709],[-7.74162,40.09544],[-7.74348,40.09147],[-7.74918,40.08777],[-7.75243,40.08728],[-7.75762,40.08367],[-7.76037,40.0797],[-7.76325,40.07694],[-7.76624,40.07544],[-7.76909,40.07536],[-7.77155,40.07433],[-7.77574,40.07045],[-7.77634,40.06932],[-7.77612,40.06822],[-7.77275,40.06612],[-7.7724,40.06511],[-7.77384,40.06383],[-7.77652,40.06443],[-7.77935,40.06866],[-7.78337,40.07057],[-7.78545,40.07226],[-7.78688,40.07564],[-7.79099,40.08039],[-7.79161,40.08182],[-7.79129,40.08322],[-7.78794,40.08438],[-7.78691,40.08542],[-7.7871,40.08592],[-7.79271,40.08579],[-7.796,40.08739],[-7.79896,40.08792],[-7.80045,40.08763],[-7.8013,40.08637],[-7.80051,40.08378],[-7.80743,40.07821],[-7.81106,40.07729],[-7.81513,40.07834],[-7.81711,40.07704],[-7.81714,40.07607],[-7.81577,40.0745],[-7.81319,40.07358],[-7.81061,40.07359],[-7.80444,40.0757],[-7.79957,40.07862],[-7.79706,40.07796],[-7.79654,40.07712],[-7.79716,40.07608],[-7.80368,40.07318],[-7.80614,40.07113],[-7.80682,40.06815],[-7.80568,40.06569],[-7.80339,40.06337],[-7.80011,40.06107],[-7.79959,40.05981],[-7.80021,40.05818],[-7.80517,40.05714],[-7.80907,40.05249],[-7.80957,40.0496],[-7.80869,40.04787],[-7.80774,40.04718],[-7.80569,40.04715],[-7.80436,40.04838],[-7.80097,40.04825],[-7.80134,40.04498],[-7.80837,40.04075],[-7.80822,40.03903],[-7.80729,40.03699],[-7.80837,40.03574],[-7.81384,40.03928],[-7.82507,40.05066],[-7.83218,40.05041],[-7.83733,40.05099],[-7.84244,40.05304],[-7.84432,40.05279],[-7.84895,40.05435],[-7.85509,40.05899],[-7.85985,40.05905],[-7.86077,40.05851],[-7.86111,40.05903],[-7.86428,40.05804],[-7.86461,40.05506],[-7.86598,40.05374],[-7.86785,40.05293],[-7.87068,40.05009],[-7.87506,40.0491],[-7.8796,40.04635],[-7.88441,40.04571],[-7.89195,40.04138],[-7.89541,40.04167],[-7.89976,40.04344],[-7.90444,40.0417],[-7.91038,40.03675],[-7.91492,40.03398],[-7.91586,40.03231],[-7.91282,40.02607],[-7.91018,40.02645],[-7.90847,40.02527],[-7.91048,40.0226],[-7.90846,40.02064],[-7.90852,40.01803],[-7.90773,40.0173],[-7.90832,40.01524],[-7.90715,40.01501],[-7.9075,40.01435],[-7.90639,40.01347],[-7.90702,40.01276],[-7.90667,40.01198],[-7.9057,40.01181],[-7.90562,40.01107],[-7.90616,40.01039],[-7.90564,40.00972],[-7.90614,40.0088],[-7.90184,40.00586],[-7.90169,40.00522],[-7.90226,40.00453],[-7.90196,40.00286],[-7.90885,40.00393],[-7.9132,40.0071],[-7.915,40.00736],[-7.91579,40.00669],[-7.91582,40.00548],[-7.91379,40.00127],[-7.91678,39.99929],[-7.91938,39.99849],[-7.92675,39.99951],[-7.93471,40.00201],[-7.93627,40.0018],[-7.93941,39.99995],[-7.94131,39.99988],[-7.95115,40.00243],[-7.95262,40.00256],[-7.95337,40.00165],[-7.9529,40.00009],[-7.95358,39.99519],[-7.95492,39.99196],[-7.95888,39.99069],[-7.9598,39.98842],[-7.9623,39.98677],[-7.96357,39.98531],[-7.96357,39.98211],[-7.96198,39.97793],[-7.96409,39.97723],[-7.96777,39.97945],[-7.96963,39.98137],[-7.97137,39.98553],[-7.97423,39.98805],[-7.97734,39.9891],[-7.98596,39.98962],[-7.98952,39.98887],[-7.99099,39.98794],[-7.99254,39.9863],[-7.99238,39.98367],[-7.99004,39.97931],[-7.98991,39.97865],[-7.99088,39.97813],[-7.99834,39.97834],[-7.99931,39.97906],[-8.00223,39.98367],[-8.00726,39.9876],[-8.00941,39.9887],[-8.01389,39.98926],[-8.01533,39.98833],[-8.01385,39.98431],[-8.01195,39.98241],[-8.00898,39.98108],[-8.00741,39.97925],[-8.00527,39.97233],[-8.00669,39.97202],[-8.01026,39.97369],[-8.01327,39.97376],[-8.01596,39.9714],[-8.01797,39.97135],[-8.01921,39.97247],[-8.024,39.97509],[-8.02539,39.97691],[-8.02817,39.97847],[-8.02901,39.9802],[-8.02913,39.98329],[-8.03057,39.98442],[-8.03213,39.98428],[-8.03647,39.97689],[-8.03648,39.97587],[-8.03305,39.96838],[-8.03026,39.96578],[-8.02983,39.9647],[-8.02997,39.96362],[-8.03137,39.96194],[-8.03391,39.96042],[-8.03526,39.961],[-8.03675,39.96268],[-8.03883,39.96358],[-8.04375,39.96393],[-8.04719,39.96322],[-8.04937,39.96347],[-8.05578,39.96963],[-8.05738,39.96915],[-8.05808,39.96806],[-8.05796,39.9649],[-8.06047,39.96087],[-8.06179,39.95592],[-8.06453,39.95467],[-8.06714,39.95481],[-8.07293,39.95679],[-8.07921,39.95732],[-8.07961,39.9583],[-8.07867,39.96011],[-8.07873,39.96133],[-8.08359,39.96504],[-8.08548,39.96536],[-8.08645,39.96512],[-8.08813,39.95727],[-8.08817,39.95488],[-8.08724,39.95279],[-8.08309,39.94944],[-8.08229,39.94817],[-8.08253,39.94712],[-8.08759,39.94266],[-8.09045,39.94142],[-8.09842,39.94116],[-8.10266,39.94263],[-8.11194,39.94797],[-8.11512,39.94856],[-8.11847,39.94585],[-8.12008,39.94361],[-8.12077,39.93921],[-8.11868,39.93409],[-8.12301,39.93287],[-8.12429,39.93294],[-8.12689,39.93489],[-8.13206,39.93665],[-8.13273,39.93764],[-8.1326,39.93987],[-8.13182,39.94073],[-8.12352,39.94465],[-8.12301,39.94609],[-8.12363,39.94858],[-8.12063,39.95228],[-8.1129,39.95403],[-8.11072,39.95702],[-8.1102,39.95962],[-8.10805,39.96213],[-8.10381,39.96067]]]]}},{"type":"Feature","properties":{"distrito_ilha":"Coimbra","dtmn":"0614","municipio":"Penela"},"geometry":{"type":"MultiPolygon","coordinates":[[[[-8.31963,39.98431],[-8.31987,39.98305],[-8.31859,39.97995],[-8.31872,39.97468],[-8.32131,39.97397],[-8.31987,39.97127],[-8.321,39.97166],[-8.32209,39.97096],[-8.32368,39.97186],[-8.32479,39.97185],[-8.32547,39.9735],[-8.3263,39.97249],[-8.32615,39.97065],[-8.32788,39.96995],[-8.32796,39.9693],[-8.32656,39.96731],[-8.32637,39.96392],[-8.33431,39.96098],[-8.33465,39.95687],[-8.33686,39.95561],[-8.3375,39.95411],[-8.3418,39.95274],[-8.34834,39.94683],[-8.35,39.9463],[-8.35018,39.94548],[-8.35213,39.94352],[-8.3553,39.94341],[-8.35764,39.94059],[-8.35841,39.93663],[-8.35929,39.93561],[-8.36434,39.93529],[-8.37006,39.93325],[-8.37354,39.93237],[-8.37366,39.92686],[-8.37219,39.92405],[-8.37384,39.92379],[-8.37798,39.92527],[-8.37992,39.9275],[-8.38171,39.92727],[-8.3836,39.92496],[-8.38541,39.92466],[-8.38575,39.92394],[-8.39156,39.92519],[-8.39979,39.92619],[-8.40098,39.9278],[-8.40264,39.92794],[-8.40727,39.92967],[-8.40692,39.93197],[-8.40886,39.93184],[-8.40854,39.93364],[-8.40719,39.93395],[-8.40707,39.93466],[-8.40022,39.9348],[-8.39653,39.93566],[-8.39297,39.9377],[-8.39234,39.94155],[-8.39276,39.94451],[-8.39194,39.94625],[-8.39166,39.94872],[-8.39249,39.94974],[-8.3904,39.95123],[-8.38594,39.95166],[-8.38092,39.95138],[-8.3799,39.95541],[-8.38368,39.95959],[-8.38806,39.96638],[-8.39482,39.97486],[-8.40259,39.97863],[-8.39891,39.98822],[-8.40041,39.99176],[-8.40084,39.99353],[-8.40052,39.99559],[-8.40222,40.00093],[-8.40411,40.00256],[-8.40457,40.00369],[-8.40445,40.00583],[-8.40572,40.00542],[-8.40682,40.00605],[-8.40735,40.00769],[-8.40656,40.00894],[-8.40845,40.0099],[-8.40818,40.01088],[-8.40914,40.01134],[-8.41049,40.01039],[-8.4094,40.00941],[-8.40932,40.00833],[-8.411,40.0087],[-8.41201,40.0097],[-8.41201,40.01084],[-8.41497,40.01405],[-8.41648,40.01441],[-8.41671,40.01559],[-8.41594,40.01712],[-8.41628,40.0186],[-8.41835,40.01973],[-8.42094,40.02029],[-8.42147,40.02301],[-8.42298,40.02444],[-8.42435,40.02462],[-8.4256,40.02558],[-8.42601,40.02656],[-8.42772,40.02664],[-8.42813,40.02576],[-8.42987,40.02529],[-8.43056,40.02403],[-8.43274,40.02207],[-8.43512,40.02146],[-8.43445,40.01937],[-8.43686,40.01588],[-8.43602,40.01283],[-8.43474,40.01325],[-8.43336,40.01283],[-8.43276,40.01178],[-8.43014,40.00979],[-8.43094,40.00876],[-8.43053,40.00745],[-8.42833,40.00671],[-8.42744,40.00811],[-8.42527,40.00834],[-8.42478,40.00679],[-8.42672,40.0043],[-8.42915,40.0032],[-8.43352,40.003],[-8.43414,40.00378],[-8.43578,40.00447],[-8.43746,40.00639],[-8.43833,40.00639],[-8.44188,40.01044],[-8.44706,40.01114],[-8.44786,40.01386],[-8.44972,40.01415],[-8.45181,40.01531],[-8.45552,40.0156],[-8.45746,40.01778],[-8.46055,40.0185],[-8.45941,40.02339],[-8.45969,40.0253],[-8.46601,40.0212],[-8.46912,40.02193],[-8.47407,40.02621],[-8.47459,40.03438],[-8.4732,40.0369],[-8.47326,40.04385],[-8.46987,40.04323],[-8.4641,40.04053],[-8.46032,40.03935],[-8.43838,40.03863],[-8.43782,40.03657],[-8.4312,40.03865],[-8.42787,40.04078],[-8.42891,40.04318],[-8.42944,40.04649],[-8.42697,40.04686],[-8.42734,40.04877],[-8.42654,40.04901],[-8.4268,40.04986],[-8.4264,40.0501],[-8.42926,40.05515],[-8.43256,40.05539],[-8.43373,40.05741],[-8.4361,40.05755],[-8.43685,40.05986],[-8.43817,40.06098],[-8.4425,40.06298],[-8.44189,40.06428],[-8.4462,40.06571],[-8.4485,40.06769],[-8.45258,40.06917],[-8.4527,40.07052],[-8.4503,40.07357],[-8.45208,40.07484],[-8.45242,40.07611],[-8.45397,40.0763],[-8.45613,40.07779],[-8.4544,40.08141],[-8.45606,40.08318],[-8.457,40.08501],[-8.4544,40.08519],[-8.45216,40.08431],[-8.45107,40.08307],[-8.44264,40.08095],[-8.4413,40.08043],[-8.44003,40.07898],[-8.43801,40.07919],[-8.43585,40.07712],[-8.43373,40.07197],[-8.42386,40.07792],[-8.42235,40.07704],[-8.4205,40.07695],[-8.41804,40.08039],[-8.41431,40.08054],[-8.41138,40.07984],[-8.40893,40.08083],[-8.40581,40.07826],[-8.40491,40.0764],[-8.40333,40.07601],[-8.39622,40.07812],[-8.39041,40.0708],[-8.38566,40.07054],[-8.38236,40.06581],[-8.37992,40.06567],[-8.37743,40.06828],[-8.37608,40.06823],[-8.37387,40.06543],[-8.37262,40.06489],[-8.37019,40.06485],[-8.36994,40.06218],[-8.36855,40.0606],[-8.36275,40.05648],[-8.36457,40.05319],[-8.36579,40.05264],[-8.36654,40.05342],[-8.3674,40.05301],[-8.36747,40.05118],[-8.36194,40.05185],[-8.36072,40.05316],[-8.35597,40.05262],[-8.3539,40.05107],[-8.35041,40.05079],[-8.34766,40.04946],[-8.34667,40.0469],[-8.34175,40.04623],[-8.33967,40.04543],[-8.33579,40.04553],[-8.33461,40.04505],[-8.33128,40.04532],[-8.33006,40.04499],[-8.32893,40.04383],[-8.32416,40.04355],[-8.31756,40.04019],[-8.31672,40.0389],[-8.31668,40.03781],[-8.31341,40.03549],[-8.31096,40.03471],[-8.3104,40.03393],[-8.30289,40.03288],[-8.29305,40.02884],[-8.29073,40.02714],[-8.28876,40.02626],[-8.28684,40.02606],[-8.28801,40.02485],[-8.28804,40.02227],[-8.293,40.0174],[-8.29569,40.01674],[-8.2969,40.01565],[-8.29798,40.00935],[-8.29194,40.00348],[-8.29125,40.00121],[-8.28955,39.99838],[-8.28383,39.99434],[-8.28277,39.99218],[-8.2775,39.98986],[-8.27544,39.98939],[-8.27083,39.98943],[-8.27067,39.98868],[-8.27196,39.98788],[-8.2721,39.98668],[-8.27299,39.98538],[-8.27064,39.98529],[-8.27012,39.98431],[-8.27069,39.98338],[-8.27365,39.9833],[-8.27406,39.98217],[-8.2763,39.98212],[-8.27826,39.98073],[-8.2786,39.97978],[-8.27827,39.97919],[-8.27646,39.97907],[-8.27439,39.97965],[-8.27425,39.97841],[-8.27213,39.97573],[-8.27328,39.97322],[-8.27547,39.97383],[-8.27569,39.97232],[-8.27766,39.96964],[-8.27961,39.96998],[-8.28039,39.96768],[-8.27873,39.96664],[-8.27791,39.9655],[-8.27934,39.96347],[-8.28107,39.96391],[-8.2812,39.96181],[-8.28032,39.96183],[-8.28022,39.9624],[-8.27923,39.96281],[-8.27859,39.96259],[-8.27841,39.96106],[-8.27957,39.95942],[-8.28533,39.96548],[-8.29259,39.96891],[-8.29765,39.97041],[-8.30705,39.9743],[-8.309,39.97669],[-8.30992,39.98314],[-8.31097,39.9851],[-8.31195,39.98876],[-8.31383,39.98872],[-8.31548,39.98686],[-8.31963,39.98431]]]]}},{"type":"Feature","properties":{"distrito_ilha":"Coimbra","dtmn":"0615","municipio":"Soure"},"geometry":{"type":"MultiPolygon","coordinates":[[[[-8.7321,40.03318],[-8.73176,40.03593],[-8.73298,40.03795],[-8.73211,40.04104],[-8.73324,40.04288],[-8.73452,40.04356],[-8.73441,40.04488],[-8.73586,40.04595],[-8.73711,40.04787],[-8.7381,40.05425],[-8.7376,40.05698],[-8.7385,40.05827],[-8.73844,40.06009],[-8.74174,40.06376],[-8.74117,40.06712],[-8.74222,40.068],[-8.74421,40.0685],[-8.74688,40.07085],[-8.74984,40.07231],[-8.75022,40.07433],[-8.75388,40.07889],[-8.75331,40.07962],[-8.74963,40.0797],[-8.74937,40.08062],[-8.75198,40.08365],[-8.75068,40.08495],[-8.7493,40.08491],[-8.74808,40.08339],[-8.7464,40.08282],[-8.74494,40.08462],[-8.74736,40.09003],[-8.74967,40.09087],[-8.75113,40.09345],[-8.75275,40.09463],[-8.75591,40.09577],[-8.75713,40.0968],[-8.75754,40.09957],[-8.75694,40.10203],[-8.75728,40.10441],[-8.76066,40.10713],[-8.75962,40.1114],[-8.76064,40.1131],[-8.76251,40.11428],[-8.76375,40.11589],[-8.76291,40.11721],[-8.76391,40.1178],[-8.76256,40.11953],[-8.75488,40.12009],[-8.75182,40.12188],[-8.74603,40.11897],[-8.74331,40.11598],[-8.74169,40.11562],[-8.74013,40.11441],[-8.7402,40.11493],[-8.73832,40.11492],[-8.73661,40.11391],[-8.73385,40.11359],[-8.73243,40.11405],[-8.72913,40.1131],[-8.72802,40.11371],[-8.72564,40.11348],[-8.72281,40.11422],[-8.72027,40.11583],[-8.71534,40.1167],[-8.71294,40.11614],[-8.71148,40.11451],[-8.71031,40.11393],[-8.70714,40.11368],[-8.70605,40.11421],[-8.70127,40.11457],[-8.6974,40.11399],[-8.69618,40.11242],[-8.6935,40.11212],[-8.69221,40.11318],[-8.68823,40.11432],[-8.68154,40.11334],[-8.67485,40.12147],[-8.66645,40.12374],[-8.66601,40.12261],[-8.6634,40.1237],[-8.66201,40.12017],[-8.64719,40.12682],[-8.66283,40.13977],[-8.67007,40.14339],[-8.67365,40.1475],[-8.67684,40.14832],[-8.68006,40.14774],[-8.67714,40.15292],[-8.67555,40.15862],[-8.67187,40.16618],[-8.6699,40.17183],[-8.6671,40.17414],[-8.65471,40.17593],[-8.65139,40.17496],[-8.64349,40.17112],[-8.63529,40.16941],[-8.63464,40.1676],[-8.63164,40.16677],[-8.63044,40.16583],[-8.61693,40.1659],[-8.6081,40.163],[-8.59581,40.16034],[-8.59377,40.15852],[-8.58762,40.15557],[-8.57847,40.15229],[-8.57463,40.14963],[-8.57339,40.14927],[-8.56686,40.14413],[-8.56033,40.14126],[-8.56361,40.13877],[-8.56697,40.13804],[-8.56983,40.13616],[-8.57512,40.1338],[-8.58223,40.13274],[-8.58236,40.1324],[-8.57959,40.13069],[-8.5795,40.12973],[-8.57713,40.12723],[-8.57754,40.12536],[-8.57684,40.12383],[-8.57872,40.11986],[-8.58201,40.11875],[-8.58797,40.12034],[-8.58633,40.11645],[-8.59145,40.11017],[-8.58821,40.09904],[-8.58704,40.09314],[-8.58199,40.08821],[-8.57573,40.08445],[-8.56143,40.08507],[-8.55892,40.08457],[-8.55669,40.08162],[-8.55331,40.07489],[-8.54914,40.06963],[-8.53993,40.05188],[-8.5373,40.04832],[-8.53197,40.04824],[-8.5167,40.04953],[-8.50907,40.04782],[-8.50296,40.04839],[-8.49635,40.04687],[-8.49493,40.04402],[-8.49177,40.03362],[-8.48747,40.03169],[-8.48124,40.02977],[-8.47834,40.03081],[-8.47659,40.03242],[-8.47569,40.03236],[-8.47457,40.03445],[-8.47407,40.02621],[-8.46912,40.02193],[-8.46545,40.0213],[-8.45969,40.0253],[-8.45941,40.02339],[-8.46055,40.0185],[-8.45746,40.01778],[-8.45721,40.01254],[-8.45895,40.01095],[-8.45875,40.00988],[-8.4598,40.00851],[-8.45922,40.00706],[-8.46192,40.00443],[-8.4638,40.00356],[-8.46666,40.00306],[-8.46801,40.0014],[-8.47299,39.99803],[-8.47942,39.99613],[-8.4806,39.99511],[-8.48654,39.99253],[-8.48785,39.98954],[-8.49044,39.98744],[-8.49062,39.98611],[-8.4976,39.98488],[-8.50357,39.98443],[-8.50891,39.98524],[-8.51611,39.98434],[-8.51826,39.98508],[-8.52215,39.98457],[-8.52277,39.983],[-8.52162,39.98193],[-8.52057,39.98001],[-8.52144,39.97342],[-8.52298,39.97052],[-8.52322,39.96665],[-8.52472,39.96279],[-8.52759,39.95818],[-8.53497,39.951],[-8.53881,39.94884],[-8.54139,39.95017],[-8.54327,39.95301],[-8.54835,39.95612],[-8.55087,39.95904],[-8.55169,39.96158],[-8.55194,39.9726],[-8.5465,39.97811],[-8.5458,39.98111],[-8.54618,39.98228],[-8.54887,39.98443],[-8.54921,39.99645],[-8.55059,40.0013],[-8.55156,40.00909],[-8.55197,40.02234],[-8.55237,40.02396],[-8.55399,40.02521],[-8.56262,40.02817],[-8.58954,40.0281],[-8.59189,40.02741],[-8.59268,40.02399],[-8.5939,40.02329],[-8.59825,40.02246],[-8.60072,40.01838],[-8.60094,40.01593],[-8.60229,40.01431],[-8.6021,40.01214],[-8.60257,40.01069],[-8.60678,40.00736],[-8.61186,40.00142],[-8.6114,40.00073],[-8.6115,39.99845],[-8.61346,39.99683],[-8.61495,39.9923],[-8.61623,39.99159],[-8.62792,39.99081],[-8.63343,39.99149],[-8.64286,39.99042],[-8.64507,39.99194],[-8.64333,39.99464],[-8.64415,39.9953],[-8.64364,39.99768],[-8.64231,39.99948],[-8.64394,40.00069],[-8.64468,40.00236],[-8.64291,40.00378],[-8.6432,40.00573],[-8.64013,40.00953],[-8.64112,40.01112],[-8.64623,40.01011],[-8.65227,40.01153],[-8.65719,40.01544],[-8.65992,40.01656],[-8.66616,40.01629],[-8.66884,40.01867],[-8.66847,40.01985],[-8.67072,40.02263],[-8.67221,40.02721],[-8.67419,40.02946],[-8.67583,40.03008],[-8.67879,40.02824],[-8.68225,40.02869],[-8.68527,40.02695],[-8.68678,40.02685],[-8.68853,40.02775],[-8.6908,40.02651],[-8.69556,40.02982],[-8.69951,40.02912],[-8.7016,40.02763],[-8.70316,40.02752],[-8.70665,40.02915],[-8.71675,40.03079],[-8.72315,40.03082],[-8.72614,40.03157],[-8.73222,40.03218],[-8.7321,40.03318]]],[[[-8.42915,40.0032],[-8.42775,40.00374],[-8.42504,40.0019],[-8.42461,40.00071],[-8.42483,39.99985],[-8.42737,39.99758],[-8.42827,39.99777],[-8.42915,39.99875],[-8.43144,39.99902],[-8.43326,40.00296],[-8.42915,40.0032]]],[[[-8.57839,40.15713],[-8.57833,40.15767],[-8.57303,40.15445],[-8.57358,40.15372],[-8.57546,40.15369],[-8.57668,40.15542],[-8.57878,40.15641],[-8.57839,40.15713]]]]}},{"type":"Feature","properties":{"distrito_ilha":"Leiria","dtmn":"1001","municipio":"Alcobaça"},"geometry":{"type":"MultiPolygon","coordinates":[[[[-9.00136,39.45453],[-9.0131,39.45501],[-9.01402,39.45736],[-9.0171,39.46064],[-9.01906,39.46162],[-9.02209,39.46428],[-9.02551,39.46496],[-9.02749,39.46443],[-9.0308,39.46646],[-9.03484,39.46661],[-9.04222,39.46853],[-9.04357,39.46957],[-9.04718,39.47057],[-9.05005,39.47033],[-9.05186,39.47232],[-9.05444,39.47289],[-9.05854,39.47215],[-9.06017,39.47255],[-9.06107,39.47333],[-9.06433,39.47346],[-9.06486,39.47452],[-9.065,39.47401],[-9.06664,39.4745],[-9.06796,39.47454],[-9.06848,39.47398],[-9.06927,39.47443],[-9.07029,39.47424],[-9.07105,39.47493],[-9.07358,39.47408],[-9.07513,39.47414],[-9.07632,39.47316],[-9.07784,39.47372],[-9.07903,39.47306],[-9.0817,39.47401],[-9.08012,39.47125],[-9.08024,39.47063],[-9.07949,39.46991],[-9.08197,39.46913],[-9.08297,39.46777],[-9.08332,39.46658],[-9.08473,39.4663],[-9.08602,39.46721],[-9.08914,39.46633],[-9.092,39.46209],[-9.09601,39.46117],[-9.09696,39.46003],[-9.09817,39.45959],[-9.09853,39.45866],[-9.1007,39.45773],[-9.1035,39.45781],[-9.10579,39.45885],[-9.10917,39.45922],[-9.1094,39.45987],[-9.11089,39.46031],[-9.11015,39.45951],[-9.11371,39.46107],[-9.11689,39.4615],[-9.11844,39.46236],[-9.12058,39.46188],[-9.12415,39.47892],[-9.12501,39.47897],[-9.13835,39.48632],[-9.13819,39.48847],[-9.14022,39.49009],[-9.14105,39.49251],[-9.14389,39.49495],[-9.14647,39.49868],[-9.14829,39.49936],[-9.15008,39.50177],[-9.15004,39.50275],[-9.14884,39.50449],[-9.14549,39.50304],[-9.14223,39.50258],[-9.13966,39.50331],[-9.13759,39.50461],[-9.13579,39.50731],[-9.13575,39.50999],[-9.13777,39.5128],[-9.14223,39.51052],[-9.14403,39.51033],[-9.1425,39.51187],[-9.14308,39.5125],[-9.14228,39.51313],[-9.14197,39.51502],[-9.14318,39.51534],[-9.14346,39.51667],[-9.143,39.51704],[-9.14429,39.51797],[-9.14571,39.52063],[-9.1454,39.52144],[-9.14447,39.52164],[-9.14107,39.52048],[-9.14051,39.52089],[-9.14074,39.52119],[-9.13499,39.52363],[-9.1287,39.52867],[-9.1281,39.53025],[-9.12828,39.53287],[-9.12684,39.53405],[-9.1267,39.53521],[-9.12552,39.53671],[-9.1253,39.53783],[-9.12225,39.53909],[-9.12165,39.54013],[-9.1222,39.54039],[-9.11872,39.54191],[-9.11545,39.54456],[-9.11382,39.54363],[-9.11263,39.54441],[-9.11182,39.54398],[-9.11149,39.54484],[-9.10913,39.54346],[-9.10859,39.54214],[-9.10577,39.543],[-9.10522,39.5439],[-9.10488,39.54325],[-9.10204,39.54461],[-9.1004,39.54388],[-9.10148,39.54305],[-9.09997,39.54217],[-9.09901,39.54044],[-9.09942,39.53825],[-9.09757,39.53363],[-9.09524,39.53199],[-9.09446,39.53075],[-9.09346,39.53097],[-9.09393,39.52988],[-9.09292,39.52909],[-9.09335,39.52684],[-9.09246,39.52372],[-9.09512,39.51901],[-9.091,39.51781],[-9.08906,39.51592],[-9.08486,39.51534],[-9.07879,39.51244],[-9.07478,39.51177],[-9.07348,39.51104],[-9.06625,39.51406],[-9.06454,39.51651],[-9.06135,39.5194],[-9.06115,39.52027],[-9.06234,39.52175],[-9.06211,39.52257],[-9.06281,39.52427],[-9.06194,39.52461],[-9.06313,39.52561],[-9.06208,39.52578],[-9.06187,39.52763],[-9.06386,39.52997],[-9.06278,39.53051],[-9.06351,39.53183],[-9.06334,39.53298],[-9.06277,39.53315],[-9.06201,39.53236],[-9.05975,39.53221],[-9.06342,39.53609],[-9.06519,39.53709],[-9.06691,39.54011],[-9.06647,39.54051],[-9.06673,39.54153],[-9.0656,39.54581],[-9.06598,39.55222],[-9.06488,39.55467],[-9.06049,39.55804],[-9.06052,39.56028],[-9.06226,39.56318],[-9.06226,39.56635],[-9.06137,39.56653],[-9.06501,39.57094],[-9.06835,39.57336],[-9.0663,39.57259],[-9.05721,39.57255],[-9.05011,39.57485],[-9.04594,39.57505],[-9.03739,39.57725],[-9.03109,39.578],[-9.02458,39.57786],[-9.01131,39.57453],[-9.00375,39.57057],[-9.00331,39.57118],[-9.00049,39.57169],[-8.99846,39.5728],[-8.99662,39.57628],[-8.99428,39.5778],[-8.99327,39.58195],[-8.98912,39.58374],[-8.9897,39.58538],[-8.98937,39.58804],[-8.99094,39.59167],[-8.99062,39.59417],[-8.98986,39.59415],[-8.9895,39.59627],[-8.99052,39.59797],[-8.99034,39.59874],[-8.99505,39.59611],[-8.99524,39.59648],[-8.9922,39.60197],[-8.9963,39.60517],[-8.99764,39.60788],[-8.99628,39.60814],[-8.9978,39.6106],[-8.99821,39.61505],[-8.99616,39.61536],[-8.99604,39.61434],[-8.98491,39.61017],[-8.98303,39.61804],[-8.98324,39.62912],[-8.97423,39.63889],[-8.97096,39.64471],[-8.97611,39.6434],[-8.98345,39.64537],[-8.98783,39.65012],[-8.99575,39.64909],[-9.00786,39.64866],[-9.00957,39.64745],[-9.02784,39.64494],[-9.03626,39.63668],[-9.03638,39.6361],[-9.04331,39.63652],[-9.04333,39.63689],[-9.04769,39.63515],[-9.04998,39.63659],[-9.05107,39.63842],[-9.05254,39.63904],[-9.05611,39.64207],[-9.06336,39.64659],[-9.07038,39.64676],[-9.07283,39.64777],[-9.07289,39.65044],[-9.07101,39.6529],[-9.06889,39.659],[-9.06713,39.66105],[-9.06605,39.66449],[-9.06531,39.6646],[-9.06354,39.6707],[-9.06131,39.67493],[-9.05985,39.67934],[-9.05996,39.68026],[-9.05859,39.68283],[-9.05932,39.68413],[-9.0592,39.68574],[-9.05752,39.68783],[-9.05626,39.69049],[-9.05641,39.69109],[-9.05235,39.6973],[-9.05078,39.70126],[-9.0509,39.70588],[-9.05185,39.70711],[-9.04933,39.71399],[-9.04945,39.71588],[-9.05045,39.71728],[-9.05137,39.71758],[-9.04744,39.72649],[-9.04107,39.73895],[-9.04026,39.74142],[-9.03896,39.74094],[-9.0383,39.74125],[-9.03688,39.73931],[-9.03629,39.73978],[-9.03135,39.73564],[-9.00094,39.7152],[-8.9977,39.71397],[-8.989,39.71226],[-8.98494,39.71297],[-8.98057,39.71671],[-8.97231,39.7274],[-8.9723,39.72593],[-8.97331,39.72401],[-8.97173,39.71734],[-8.97014,39.71682],[-8.97104,39.71547],[-8.97078,39.71436],[-8.9686,39.71188],[-8.96793,39.71026],[-8.968,39.70852],[-8.96644,39.70537],[-8.96645,39.70333],[-8.96194,39.69978],[-8.95943,39.70069],[-8.95793,39.70058],[-8.95813,39.6998],[-8.95758,39.69984],[-8.95753,39.69941],[-8.95824,39.69934],[-8.95817,39.69773],[-8.95551,39.69765],[-8.95481,39.69646],[-8.95576,39.69665],[-8.9554,39.69602],[-8.95364,39.69709],[-8.952,39.69318],[-8.94979,39.69236],[-8.94841,39.69323],[-8.94779,39.69143],[-8.94687,39.69212],[-8.94637,39.69065],[-8.94334,39.69133],[-8.94283,39.69062],[-8.94105,39.69123],[-8.94066,39.69069],[-8.93426,39.68847],[-8.93409,39.68778],[-8.94052,39.68653],[-8.93851,39.68206],[-8.94125,39.68119],[-8.94086,39.68025],[-8.94098,39.67964],[-8.94146,39.67966],[-8.93998,39.67819],[-8.94159,39.67727],[-8.94125,39.67661],[-8.93913,39.67697],[-8.93876,39.67513],[-8.9388,39.6731],[-8.93685,39.67168],[-8.93612,39.67259],[-8.9323,39.67164],[-8.93271,39.67048],[-8.93076,39.66951],[-8.92893,39.66953],[-8.9281,39.66843],[-8.92646,39.66845],[-8.92609,39.66774],[-8.92549,39.66771],[-8.92493,39.66628],[-8.91947,39.66631],[-8.91468,39.66816],[-8.91575,39.66674],[-8.91518,39.66551],[-8.91577,39.66467],[-8.91528,39.66374],[-8.91611,39.66257],[-8.91481,39.66154],[-8.91475,39.65845],[-8.91671,39.65597],[-8.91542,39.65389],[-8.91519,39.65262],[-8.9132,39.65175],[-8.91198,39.65182],[-8.91087,39.65103],[-8.91253,39.64991],[-8.90967,39.64892],[-8.91144,39.64664],[-8.9117,39.6452],[-8.91378,39.64429],[-8.913,39.64192],[-8.91352,39.64092],[-8.91182,39.63929],[-8.91116,39.63687],[-8.9145,39.63368],[-8.91676,39.63239],[-8.91938,39.63228],[-8.92492,39.63024],[-8.92596,39.62921],[-8.9279,39.62907],[-8.92882,39.62826],[-8.93082,39.62765],[-8.93123,39.62655],[-8.93241,39.62602],[-8.93356,39.62617],[-8.93275,39.62478],[-8.93043,39.61605],[-8.93017,39.61135],[-8.92813,39.60769],[-8.92617,39.60664],[-8.92301,39.60257],[-8.92355,39.6024],[-8.923,39.60125],[-8.92125,39.60122],[-8.92156,39.59991],[-8.91997,39.59598],[-8.91841,39.59591],[-8.9182,39.59535],[-8.91937,39.59446],[-8.91852,39.59304],[-8.91657,39.59233],[-8.91611,39.58869],[-8.91431,39.58691],[-8.91416,39.58509],[-8.91272,39.58273],[-8.90951,39.58025],[-8.90806,39.57557],[-8.90704,39.57517],[-8.90547,39.57334],[-8.90532,39.5722],[-8.90427,39.5713],[-8.90337,39.56944],[-8.90117,39.56871],[-8.90009,39.56962],[-8.89791,39.56973],[-8.89697,39.57032],[-8.89629,39.57194],[-8.89391,39.57243],[-8.89114,39.57571],[-8.88835,39.57659],[-8.8868,39.57835],[-8.8852,39.57847],[-8.88319,39.57781],[-8.88114,39.5788],[-8.88013,39.57775],[-8.87974,39.57653],[-8.87804,39.57695],[-8.87783,39.57566],[-8.8762,39.57384],[-8.87702,39.57244],[-8.86886,39.56628],[-8.86929,39.56589],[-8.86543,39.56398],[-8.8678,39.5612],[-8.86837,39.56127],[-8.86801,39.56073],[-8.87036,39.55847],[-8.87247,39.55513],[-8.8761,39.55084],[-8.87673,39.55063],[-8.87635,39.55042],[-8.8786,39.54645],[-8.87933,39.54653],[-8.88003,39.54506],[-8.88185,39.54425],[-8.88099,39.54389],[-8.88253,39.5425],[-8.8833,39.54375],[-8.88447,39.54243],[-8.88405,39.54158],[-8.88689,39.53728],[-8.88917,39.5354],[-8.88723,39.52603],[-8.88583,39.51341],[-8.89002,39.51212],[-8.8912,39.50987],[-8.89083,39.50856],[-8.89188,39.50764],[-8.89475,39.50663],[-8.89473,39.50257],[-8.89598,39.50245],[-8.89659,39.49855],[-8.89624,39.49696],[-8.89573,39.4967],[-8.89599,39.49476],[-8.89724,39.49468],[-8.89738,39.49347],[-8.89821,39.49228],[-8.89802,39.48982],[-8.89924,39.48761],[-8.9017,39.48536],[-8.90143,39.48494],[-8.90206,39.48446],[-8.90216,39.48114],[-8.90144,39.47783],[-8.90443,39.47135],[-8.90342,39.46601],[-8.90923,39.45774],[-8.91735,39.44467],[-8.92302,39.43328],[-8.93241,39.42324],[-8.93457,39.41306],[-8.94001,39.40566],[-8.94571,39.39104],[-8.95324,39.39143],[-8.95739,39.39316],[-8.96055,39.39241],[-8.96539,39.39245],[-8.96666,39.39357],[-8.96858,39.39429],[-8.9714,39.39322],[-8.9723,39.39227],[-8.97223,39.39131],[-8.97288,39.3913],[-8.97386,39.38998],[-8.97477,39.38997],[-8.97419,39.38858],[-8.97513,39.38771],[-8.97644,39.38754],[-8.97754,39.38634],[-8.98132,39.38573],[-8.98358,39.38482],[-8.9825,39.38703],[-8.98289,39.38861],[-8.98382,39.38979],[-8.98624,39.39136],[-8.98697,39.39335],[-8.98619,39.39416],[-8.98745,39.39485],[-8.98869,39.39661],[-8.99076,39.39723],[-8.98953,39.39972],[-8.98863,39.40013],[-8.9856,39.39868],[-8.98619,39.39951],[-8.986,39.40007],[-8.98719,39.401],[-8.98583,39.40207],[-8.98691,39.40393],[-8.98892,39.40329],[-8.99045,39.40342],[-8.9931,39.40175],[-8.99381,39.40282],[-8.99494,39.40229],[-8.99733,39.40251],[-8.99875,39.40373],[-8.99906,39.40527],[-9.00306,39.40711],[-9.00601,39.40937],[-9.00807,39.41213],[-9.0089,39.41235],[-9.01312,39.4159],[-9.01023,39.41739],[-9.01052,39.41784],[-9.008,39.41958],[-9.00464,39.41689],[-8.9998,39.42183],[-8.99837,39.42234],[-8.99789,39.42288],[-8.99828,39.42311],[-8.99701,39.42384],[-8.9966,39.42464],[-8.99614,39.42441],[-8.99435,39.42554],[-8.99299,39.42754],[-8.99185,39.42696],[-8.98935,39.4285],[-8.98915,39.42933],[-8.99148,39.43151],[-8.99045,39.43129],[-8.98842,39.43268],[-8.98538,39.43328],[-8.98536,39.43415],[-8.98597,39.43449],[-8.98533,39.43512],[-8.98557,39.43715],[-8.98616,39.43746],[-8.98527,39.4384],[-8.98498,39.44109],[-8.98545,39.44255],[-8.98476,39.44593],[-8.98508,39.44629],[-8.98405,39.44763],[-8.98381,39.44976],[-8.98269,39.45042],[-8.98612,39.45273],[-8.98888,39.45174],[-8.99055,39.45171],[-8.99017,39.45223],[-8.99146,39.45303],[-8.99181,39.45424],[-8.9972,39.45397],[-9.00136,39.45453]]]]}},{"type":"Feature","properties":{"distrito_ilha":"Leiria","dtmn":"1002","municipio":"Alvaiázere"},"geometry":{"type":"MultiPolygon","coordinates":[[[[-8.3282,39.84042],[-8.32876,39.83573],[-8.33037,39.83454],[-8.33121,39.83188],[-8.33075,39.82607],[-8.33108,39.82516],[-8.33362,39.82294],[-8.33497,39.81951],[-8.33469,39.81782],[-8.33323,39.81487],[-8.33375,39.81198],[-8.33468,39.81131],[-8.33422,39.80633],[-8.3357,39.80355],[-8.33647,39.79992],[-8.33548,39.79801],[-8.33316,39.79789],[-8.33203,39.79522],[-8.32819,39.79178],[-8.32856,39.79173],[-8.32819,39.79079],[-8.32759,39.79105],[-8.32592,39.78782],[-8.32565,39.78102],[-8.32674,39.78081],[-8.32774,39.77975],[-8.32698,39.77734],[-8.32831,39.7768],[-8.3287,39.77744],[-8.33013,39.77623],[-8.33021,39.77476],[-8.32594,39.76639],[-8.32445,39.76569],[-8.32842,39.76451],[-8.32916,39.76199],[-8.33263,39.76097],[-8.335,39.76324],[-8.33457,39.76401],[-8.33606,39.76749],[-8.33811,39.77007],[-8.33961,39.77081],[-8.34055,39.77273],[-8.34226,39.77373],[-8.34493,39.77443],[-8.34766,39.77365],[-8.34812,39.77135],[-8.34987,39.76995],[-8.35123,39.76956],[-8.35354,39.77007],[-8.36129,39.76846],[-8.36211,39.76691],[-8.36734,39.7628],[-8.36845,39.76112],[-8.37023,39.76077],[-8.37215,39.75907],[-8.37366,39.75911],[-8.37502,39.75706],[-8.37442,39.75628],[-8.37846,39.7527],[-8.38018,39.75191],[-8.38279,39.75202],[-8.38568,39.75376],[-8.3865,39.75605],[-8.38943,39.75758],[-8.38985,39.75863],[-8.39195,39.75902],[-8.39219,39.76027],[-8.39408,39.76028],[-8.39449,39.76093],[-8.39539,39.76021],[-8.39673,39.76073],[-8.39874,39.76023],[-8.40434,39.76026],[-8.4052,39.75922],[-8.40761,39.75907],[-8.40783,39.758],[-8.40971,39.7579],[-8.41025,39.75712],[-8.41165,39.75728],[-8.41183,39.75573],[-8.41322,39.7556],[-8.41493,39.75464],[-8.41635,39.75567],[-8.4184,39.75605],[-8.42036,39.75567],[-8.42157,39.75466],[-8.42318,39.75418],[-8.4239,39.75295],[-8.42336,39.75086],[-8.42434,39.74947],[-8.4236,39.74784],[-8.426,39.74713],[-8.4277,39.744],[-8.42883,39.74357],[-8.4288,39.74304],[-8.43057,39.74269],[-8.43053,39.74115],[-8.43195,39.74009],[-8.43382,39.74009],[-8.43432,39.73947],[-8.43602,39.73927],[-8.43683,39.73865],[-8.43877,39.7395],[-8.44035,39.73796],[-8.44202,39.73827],[-8.44391,39.73775],[-8.44429,39.73691],[-8.44681,39.73544],[-8.44645,39.73441],[-8.44678,39.73385],[-8.44917,39.73322],[-8.45275,39.73089],[-8.4533,39.73225],[-8.45146,39.73703],[-8.45185,39.73802],[-8.45388,39.73883],[-8.45497,39.74049],[-8.45502,39.74437],[-8.45092,39.74899],[-8.45085,39.75202],[-8.45037,39.753],[-8.45084,39.75528],[-8.45358,39.75705],[-8.45351,39.75981],[-8.45514,39.76161],[-8.45783,39.76312],[-8.45718,39.7659],[-8.45915,39.76878],[-8.45998,39.76918],[-8.46123,39.77175],[-8.46257,39.77321],[-8.46186,39.78116],[-8.46399,39.78315],[-8.46377,39.7845],[-8.4629,39.78538],[-8.46544,39.79303],[-8.46495,39.79508],[-8.46532,39.79641],[-8.46466,39.79774],[-8.46505,39.79866],[-8.46466,39.80012],[-8.46231,39.80292],[-8.4625,39.80444],[-8.46726,39.80694],[-8.46768,39.80946],[-8.46922,39.81188],[-8.4704,39.81727],[-8.47336,39.81955],[-8.4747,39.82276],[-8.47447,39.82472],[-8.47493,39.82752],[-8.47418,39.82988],[-8.4748,39.83175],[-8.47442,39.8344],[-8.4756,39.83564],[-8.47637,39.83765],[-8.47873,39.83903],[-8.48128,39.84154],[-8.48083,39.84274],[-8.48082,39.84875],[-8.48162,39.84918],[-8.48155,39.85],[-8.48329,39.85147],[-8.48291,39.85266],[-8.48397,39.85393],[-8.48321,39.85852],[-8.48368,39.86016],[-8.48155,39.8613],[-8.47924,39.86349],[-8.47911,39.86506],[-8.47831,39.86615],[-8.47665,39.86662],[-8.47593,39.86761],[-8.47412,39.8672],[-8.47121,39.86497],[-8.4688,39.86491],[-8.46449,39.86584],[-8.461,39.86541],[-8.45561,39.86344],[-8.45258,39.86302],[-8.44827,39.86387],[-8.44612,39.86565],[-8.44379,39.86997],[-8.43985,39.87028],[-8.43274,39.86956],[-8.42633,39.86717],[-8.42147,39.8638],[-8.41562,39.85866],[-8.4113,39.85744],[-8.40963,39.85637],[-8.40566,39.85559],[-8.40549,39.85713],[-8.40356,39.86005],[-8.39678,39.85899],[-8.39309,39.85992],[-8.39001,39.86573],[-8.38386,39.86709],[-8.38227,39.86596],[-8.38165,39.86409],[-8.37932,39.86258],[-8.37888,39.86149],[-8.37559,39.86025],[-8.37326,39.85751],[-8.36865,39.8594],[-8.3645,39.8596],[-8.36079,39.86115],[-8.3635,39.86414],[-8.3635,39.86483],[-8.36566,39.86634],[-8.3651,39.86705],[-8.3656,39.86741],[-8.36634,39.88096],[-8.35736,39.88912],[-8.35599,39.89198],[-8.35,39.89298],[-8.34775,39.89254],[-8.34388,39.893],[-8.34255,39.89267],[-8.34147,39.89368],[-8.34172,39.89618],[-8.34061,39.89667],[-8.34007,39.89772],[-8.33825,39.89812],[-8.33667,39.89736],[-8.33551,39.89813],[-8.33446,39.89742],[-8.33191,39.8978],[-8.33105,39.89706],[-8.32841,39.89774],[-8.32546,39.89588],[-8.3249,39.89729],[-8.30606,39.9012],[-8.3017,39.8947],[-8.30193,39.88975],[-8.30105,39.88601],[-8.30232,39.88203],[-8.30601,39.87746],[-8.3068,39.87534],[-8.3073,39.87546],[-8.31124,39.87185],[-8.31047,39.86867],[-8.31102,39.8668],[-8.31366,39.86469],[-8.31519,39.86557],[-8.3163,39.86524],[-8.31763,39.86296],[-8.31762,39.86197],[-8.31871,39.86162],[-8.32344,39.85553],[-8.33124,39.84823],[-8.33005,39.84591],[-8.32859,39.84441],[-8.3282,39.84042]]]]}},{"type":"Feature","properties":{"distrito_ilha":"Leiria","dtmn":"1003","municipio":"Ansião"},"geometry":{"type":"MultiPolygon","coordinates":[[[[-8.4759,39.86794],[-8.47578,39.86875],[-8.47629,39.86948],[-8.47585,39.87008],[-8.47679,39.87125],[-8.47841,39.87201],[-8.47634,39.87299],[-8.47363,39.87545],[-8.47387,39.87685],[-8.47264,39.87982],[-8.47284,39.8822],[-8.47169,39.88311],[-8.47203,39.88496],[-8.47001,39.88825],[-8.47153,39.89098],[-8.47092,39.89247],[-8.47431,39.89365],[-8.47567,39.89499],[-8.47778,39.89607],[-8.47812,39.89727],[-8.48233,39.8982],[-8.48304,39.89971],[-8.48387,39.89913],[-8.48606,39.89939],[-8.48828,39.90124],[-8.49037,39.90107],[-8.49388,39.90235],[-8.49516,39.90451],[-8.49776,39.90341],[-8.5006,39.90417],[-8.50465,39.90754],[-8.50927,39.91041],[-8.50943,39.91182],[-8.50888,39.91342],[-8.50996,39.91563],[-8.51417,39.91981],[-8.51925,39.92244],[-8.52511,39.92916],[-8.52912,39.93625],[-8.52805,39.93919],[-8.52955,39.94192],[-8.53824,39.94744],[-8.53881,39.94884],[-8.53497,39.951],[-8.52759,39.95818],[-8.52472,39.96279],[-8.52322,39.96665],[-8.52298,39.97052],[-8.52144,39.97342],[-8.52057,39.98001],[-8.52219,39.98276],[-8.52277,39.983],[-8.52223,39.98453],[-8.51803,39.98508],[-8.51633,39.98434],[-8.50891,39.98524],[-8.50357,39.98443],[-8.4976,39.98488],[-8.49062,39.98611],[-8.49044,39.98744],[-8.48785,39.98954],[-8.48654,39.99253],[-8.4806,39.99511],[-8.47942,39.99613],[-8.47299,39.99803],[-8.46801,40.0014],[-8.46666,40.00306],[-8.46267,40.00404],[-8.46031,40.00566],[-8.45922,40.00706],[-8.4598,40.00851],[-8.45875,40.00988],[-8.45895,40.01095],[-8.45721,40.01254],[-8.45746,40.01778],[-8.45552,40.0156],[-8.45181,40.01531],[-8.44972,40.01415],[-8.44786,40.01386],[-8.44706,40.01114],[-8.44136,40.01014],[-8.44073,40.00882],[-8.43953,40.00814],[-8.43833,40.00639],[-8.43746,40.00639],[-8.43578,40.00447],[-8.43326,40.00296],[-8.43144,39.99902],[-8.42915,39.99875],[-8.42827,39.99777],[-8.42711,39.99765],[-8.42483,39.99985],[-8.42461,40.00071],[-8.42504,40.0019],[-8.42781,40.00369],[-8.42672,40.0043],[-8.42478,40.00679],[-8.42527,40.00834],[-8.42744,40.00811],[-8.42833,40.00671],[-8.43053,40.00745],[-8.43094,40.00876],[-8.43014,40.00979],[-8.43276,40.01178],[-8.4337,40.01296],[-8.43494,40.01325],[-8.43602,40.01283],[-8.43687,40.0158],[-8.43445,40.01937],[-8.43512,40.02146],[-8.43274,40.02207],[-8.43056,40.02403],[-8.42987,40.02529],[-8.42813,40.02576],[-8.42772,40.02664],[-8.42601,40.02656],[-8.42546,40.02544],[-8.42435,40.02462],[-8.42298,40.02444],[-8.42147,40.02301],[-8.42094,40.02029],[-8.41835,40.01973],[-8.41628,40.0186],[-8.41594,40.01714],[-8.41671,40.01559],[-8.41648,40.01441],[-8.41529,40.01429],[-8.41322,40.0125],[-8.41201,40.01084],[-8.41201,40.0097],[-8.41087,40.00862],[-8.40916,40.00843],[-8.4094,40.00941],[-8.41049,40.01039],[-8.40886,40.01127],[-8.40818,40.01088],[-8.40845,40.0099],[-8.40661,40.00906],[-8.40735,40.00769],[-8.40652,40.00575],[-8.40572,40.00542],[-8.40445,40.00583],[-8.40457,40.00369],[-8.4037,40.00185],[-8.40222,40.00093],[-8.40052,39.99559],[-8.40084,39.99353],[-8.39891,39.98822],[-8.40259,39.97863],[-8.39482,39.97486],[-8.38806,39.96638],[-8.38368,39.95959],[-8.3799,39.95541],[-8.38092,39.95138],[-8.38594,39.95166],[-8.3904,39.95123],[-8.39249,39.94974],[-8.39166,39.94872],[-8.39194,39.94625],[-8.39276,39.94451],[-8.39234,39.94155],[-8.39297,39.9377],[-8.39653,39.93566],[-8.40022,39.9348],[-8.40707,39.93466],[-8.40719,39.93395],[-8.40844,39.93378],[-8.40886,39.93184],[-8.40692,39.93197],[-8.40727,39.92967],[-8.40264,39.92794],[-8.40072,39.92765],[-8.39979,39.92619],[-8.39156,39.92519],[-8.38575,39.92394],[-8.38541,39.92466],[-8.3836,39.92496],[-8.38179,39.92721],[-8.37963,39.92743],[-8.37803,39.92532],[-8.37393,39.9238],[-8.37219,39.92405],[-8.37367,39.92693],[-8.37339,39.93267],[-8.37006,39.93325],[-8.36434,39.93529],[-8.36152,39.93521],[-8.35929,39.93561],[-8.35841,39.93663],[-8.35764,39.94059],[-8.35546,39.94332],[-8.35213,39.94352],[-8.35018,39.94548],[-8.35,39.9463],[-8.34852,39.94669],[-8.34602,39.94878],[-8.33908,39.93198],[-8.33777,39.92531],[-8.33479,39.91911],[-8.34252,39.91677],[-8.3455,39.91444],[-8.35127,39.9135],[-8.35432,39.911],[-8.35858,39.90917],[-8.3616,39.90914],[-8.36398,39.90823],[-8.36268,39.90513],[-8.36291,39.90429],[-8.36171,39.90249],[-8.35972,39.89547],[-8.35981,39.89401],[-8.35732,39.88925],[-8.36025,39.88687],[-8.3646,39.88215],[-8.36634,39.88096],[-8.3656,39.86741],[-8.3651,39.86705],[-8.36555,39.86611],[-8.36464,39.86595],[-8.36344,39.86476],[-8.3635,39.86414],[-8.36079,39.86115],[-8.3645,39.8596],[-8.36865,39.8594],[-8.37326,39.85751],[-8.37559,39.86025],[-8.37888,39.86149],[-8.37932,39.86258],[-8.38153,39.86397],[-8.38227,39.86596],[-8.38411,39.86709],[-8.39001,39.86573],[-8.39309,39.85992],[-8.39678,39.85899],[-8.40356,39.86005],[-8.40549,39.85713],[-8.40578,39.85556],[-8.40926,39.85625],[-8.4113,39.85744],[-8.41614,39.85897],[-8.42147,39.8638],[-8.42633,39.86717],[-8.43458,39.86993],[-8.43985,39.87028],[-8.44379,39.86997],[-8.44664,39.86501],[-8.44937,39.86358],[-8.45403,39.86313],[-8.461,39.86541],[-8.46502,39.86588],[-8.4688,39.86491],[-8.47121,39.86497],[-8.47412,39.8672],[-8.47593,39.86761],[-8.4759,39.86794]]]]}},{"type":"Feature","properties":{"distrito_ilha":"Leiria","dtmn":"1004","municipio":"Batalha"},"geometry":{"type":"MultiPolygon","coordinates":[[[[-8.71881,39.66588],[-8.71748,39.66515],[-8.71513,39.66055],[-8.71094,39.65419],[-8.70577,39.64369],[-8.70249,39.63884],[-8.70218,39.63742],[-8.7012,39.63695],[-8.70216,39.63609],[-8.7021,39.6352],[-8.70125,39.63516],[-8.70157,39.63452],[-8.70052,39.6325],[-8.70074,39.63153],[-8.69969,39.63107],[-8.69996,39.63057],[-8.69937,39.63024],[-8.69905,39.62824],[-8.69191,39.62051],[-8.68748,39.60991],[-8.68919,39.59777],[-8.68971,39.59759],[-8.68917,39.59646],[-8.68951,39.58878],[-8.68844,39.58651],[-8.6888,39.58534],[-8.68811,39.5848],[-8.68808,39.58373],[-8.68678,39.58129],[-8.68571,39.58087],[-8.68628,39.58064],[-8.68655,39.57763],[-8.68522,39.57607],[-8.68584,39.57608],[-8.686,39.57538],[-8.68509,39.57387],[-8.68241,39.57218],[-8.68192,39.57113],[-8.67527,39.56507],[-8.6741,39.56538],[-8.67241,39.56515],[-8.67115,39.56362],[-8.67147,39.56176],[-8.67614,39.55914],[-8.68734,39.55087],[-8.69021,39.55341],[-8.69137,39.55277],[-8.69289,39.5541],[-8.69579,39.55428],[-8.69629,39.55472],[-8.69756,39.55435],[-8.69721,39.55381],[-8.69909,39.55489],[-8.69997,39.55488],[-8.6998,39.5557],[-8.70125,39.55586],[-8.70287,39.55801],[-8.70376,39.5577],[-8.70662,39.55994],[-8.70702,39.56196],[-8.70961,39.56262],[-8.71008,39.56374],[-8.71056,39.56343],[-8.7124,39.56473],[-8.71375,39.5647],[-8.71368,39.5654],[-8.71449,39.56545],[-8.7142,39.56662],[-8.71478,39.56765],[-8.71661,39.56775],[-8.71646,39.56855],[-8.71769,39.56901],[-8.71726,39.56964],[-8.71894,39.57064],[-8.71977,39.5725],[-8.71773,39.57324],[-8.71814,39.57417],[-8.71751,39.57585],[-8.72033,39.57792],[-8.72266,39.58505],[-8.72358,39.58518],[-8.72616,39.58815],[-8.72761,39.58882],[-8.72728,39.58943],[-8.72812,39.58977],[-8.72953,39.59201],[-8.72897,39.59314],[-8.7298,39.59571],[-8.73076,39.5963],[-8.73033,39.59653],[-8.7307,39.59773],[-8.73318,39.59795],[-8.73287,39.60003],[-8.73599,39.60625],[-8.73687,39.60627],[-8.73716,39.60753],[-8.73883,39.60821],[-8.73877,39.60874],[-8.73962,39.60875],[-8.74015,39.60947],[-8.74056,39.60919],[-8.74129,39.61091],[-8.74318,39.61173],[-8.7485,39.61041],[-8.74818,39.60943],[-8.74864,39.60818],[-8.75136,39.60774],[-8.7537,39.60964],[-8.75391,39.6111],[-8.75324,39.61245],[-8.75462,39.61434],[-8.75431,39.61493],[-8.7552,39.61478],[-8.75543,39.61536],[-8.75478,39.61572],[-8.75906,39.61818],[-8.76009,39.61966],[-8.76388,39.61847],[-8.76837,39.61889],[-8.76891,39.61946],[-8.7682,39.62068],[-8.76958,39.62452],[-8.77094,39.62492],[-8.7746,39.62729],[-8.77667,39.62686],[-8.77662,39.62784],[-8.77723,39.62739],[-8.78166,39.62833],[-8.78259,39.62757],[-8.78411,39.62776],[-8.78557,39.62693],[-8.78608,39.62713],[-8.78848,39.62522],[-8.79013,39.62603],[-8.7912,39.62738],[-8.79234,39.62685],[-8.79043,39.62484],[-8.79206,39.62451],[-8.7927,39.62473],[-8.79377,39.62393],[-8.79413,39.62562],[-8.79569,39.62536],[-8.79558,39.6245],[-8.79742,39.62375],[-8.79793,39.62467],[-8.79722,39.62603],[-8.79798,39.62673],[-8.7988,39.62652],[-8.80171,39.62788],[-8.80544,39.62806],[-8.80898,39.63035],[-8.80982,39.63133],[-8.81467,39.63152],[-8.81891,39.63303],[-8.82125,39.63558],[-8.82209,39.63581],[-8.8222,39.63666],[-8.82272,39.63632],[-8.82269,39.63668],[-8.82676,39.63862],[-8.82797,39.63839],[-8.82979,39.63886],[-8.83011,39.63854],[-8.83176,39.63936],[-8.83299,39.63858],[-8.83356,39.63913],[-8.83603,39.6384],[-8.83859,39.63925],[-8.83923,39.63996],[-8.83972,39.63897],[-8.84042,39.63923],[-8.84026,39.63974],[-8.84174,39.64105],[-8.84488,39.64142],[-8.84754,39.64264],[-8.84766,39.64221],[-8.84887,39.64245],[-8.84875,39.64311],[-8.84951,39.64285],[-8.85181,39.64373],[-8.85272,39.64203],[-8.85345,39.64224],[-8.85322,39.64267],[-8.85671,39.64323],[-8.8571,39.64373],[-8.85759,39.64322],[-8.86157,39.64385],[-8.86216,39.64451],[-8.86289,39.64414],[-8.86573,39.645],[-8.86838,39.64496],[-8.86844,39.64613],[-8.87185,39.64799],[-8.8738,39.65137],[-8.87179,39.65285],[-8.86886,39.65391],[-8.87058,39.65813],[-8.87212,39.66439],[-8.87166,39.66812],[-8.87037,39.66781],[-8.86975,39.67002],[-8.86413,39.67645],[-8.86309,39.6766],[-8.86231,39.67742],[-8.85832,39.67756],[-8.85835,39.67797],[-8.85739,39.67822],[-8.85579,39.67967],[-8.85493,39.6796],[-8.8508,39.68172],[-8.84754,39.68256],[-8.8435,39.68463],[-8.84141,39.68639],[-8.83858,39.68726],[-8.83527,39.69135],[-8.83316,39.69293],[-8.83199,39.69504],[-8.83094,39.69412],[-8.82987,39.69407],[-8.82953,39.69508],[-8.82733,39.69435],[-8.82682,39.69352],[-8.8249,39.69408],[-8.82162,39.69414],[-8.81782,39.69549],[-8.81533,39.69537],[-8.81188,39.69322],[-8.81248,39.69212],[-8.81384,39.69147],[-8.81297,39.68967],[-8.8109,39.68758],[-8.81006,39.6861],[-8.8105,39.68518],[-8.80782,39.68169],[-8.80687,39.67951],[-8.80205,39.67556],[-8.79738,39.67551],[-8.79723,39.67499],[-8.791,39.67392],[-8.78422,39.67238],[-8.77753,39.67303],[-8.77425,39.67512],[-8.7697,39.67682],[-8.76464,39.67643],[-8.76333,39.67724],[-8.76167,39.67745],[-8.76052,39.67851],[-8.75848,39.67796],[-8.7573,39.67843],[-8.75634,39.67754],[-8.75592,39.67634],[-8.75373,39.67513],[-8.75008,39.67527],[-8.74568,39.67216],[-8.74161,39.67339],[-8.71881,39.66588]]]]}},{"type":"Feature","properties":{"distrito_ilha":"Leiria","dtmn":"1007","municipio":"Castanheira de Pêra"},"geometry":{"type":"MultiPolygon","coordinates":[[[[-8.20975,40.05208],[-8.20872,40.05283],[-8.20816,40.05572],[-8.20874,40.05806],[-8.20621,40.06024],[-8.20527,40.06298],[-8.20401,40.06418],[-8.20198,40.06444],[-8.20071,40.06672],[-8.19841,40.0686],[-8.19578,40.06939],[-8.19397,40.07034],[-8.19081,40.07401],[-8.18844,40.07937],[-8.18306,40.0856],[-8.1791,40.08974],[-8.16277,40.08312],[-8.16192,40.08165],[-8.16193,40.08015],[-8.1609,40.07868],[-8.15747,40.07771],[-8.15072,40.07344],[-8.14689,40.0735],[-8.14374,40.07278],[-8.14454,40.0686],[-8.14309,40.06765],[-8.14371,40.06618],[-8.14264,40.06532],[-8.1434,40.06432],[-8.14311,40.06302],[-8.1447,40.0618],[-8.14471,40.06105],[-8.14609,40.06012],[-8.14779,40.0574],[-8.14721,40.05588],[-8.14809,40.05555],[-8.14813,40.05348],[-8.14959,40.05241],[-8.14926,40.05119],[-8.14849,40.05081],[-8.14958,40.04903],[-8.15,40.04594],[-8.15117,40.04485],[-8.15265,40.04075],[-8.15347,40.04024],[-8.15318,40.03893],[-8.15229,40.03785],[-8.15243,40.03703],[-8.15318,40.0364],[-8.15213,40.03325],[-8.15383,40.03232],[-8.15411,40.03146],[-8.1569,40.03117],[-8.16308,40.03242],[-8.17209,40.03646],[-8.17112,40.03434],[-8.17181,40.03217],[-8.17132,40.02775],[-8.17291,40.02575],[-8.17339,40.02197],[-8.17512,40.0186],[-8.1749,40.0149],[-8.17398,40.0126],[-8.17229,40.01036],[-8.17198,40.00815],[-8.16936,40.00495],[-8.16821,40.00089],[-8.17442,39.99849],[-8.17557,39.9969],[-8.18058,39.99483],[-8.18151,39.9927],[-8.18158,39.99126],[-8.18358,39.99076],[-8.18591,39.98894],[-8.18546,39.9857],[-8.1869,39.98421],[-8.18788,39.97995],[-8.18911,39.97892],[-8.18809,39.97788],[-8.1906,39.97641],[-8.18951,39.97592],[-8.18947,39.97481],[-8.18756,39.97137],[-8.18904,39.96728],[-8.19352,39.96329],[-8.19752,39.96166],[-8.20946,39.95829],[-8.2079,39.95657],[-8.20565,39.95646],[-8.20538,39.9554],[-8.20757,39.95449],[-8.20863,39.95192],[-8.21656,39.94595],[-8.22367,39.94865],[-8.22749,39.95073],[-8.22427,39.95313],[-8.22365,39.95435],[-8.22438,39.95554],[-8.22723,39.95782],[-8.23173,39.95871],[-8.23746,39.95745],[-8.24146,39.95734],[-8.24079,39.95971],[-8.23957,39.96098],[-8.23763,39.96501],[-8.23463,39.96816],[-8.23388,39.97122],[-8.2346,39.97455],[-8.23568,39.97599],[-8.23629,39.97835],[-8.23808,39.97979],[-8.23787,39.98443],[-8.23668,39.98823],[-8.2377,39.9921],[-8.23784,39.99488],[-8.23696,40.00352],[-8.23596,40.00482],[-8.2329,40.01325],[-8.23391,40.01871],[-8.23247,40.02369],[-8.2285,40.02641],[-8.22177,40.03348],[-8.21554,40.03853],[-8.21411,40.04169],[-8.21507,40.04553],[-8.21242,40.04886],[-8.21173,40.05131],[-8.20975,40.05208]]]]}},{"type":"Feature","properties":{"distrito_ilha":"Leiria","dtmn":"1008","municipio":"Figueiró dos Vinhos"},"geometry":{"type":"MultiPolygon","coordinates":[[[[-8.32859,39.84441],[-8.33005,39.84591],[-8.33124,39.84823],[-8.32344,39.85553],[-8.31871,39.86162],[-8.31762,39.86197],[-8.31763,39.86296],[-8.31601,39.86547],[-8.31519,39.86557],[-8.31366,39.86469],[-8.31102,39.8668],[-8.31047,39.86867],[-8.31124,39.87185],[-8.3073,39.87546],[-8.3068,39.87534],[-8.30601,39.87746],[-8.30232,39.88203],[-8.30105,39.88601],[-8.30193,39.88975],[-8.3017,39.8947],[-8.30606,39.9012],[-8.3249,39.89729],[-8.32507,39.89614],[-8.32587,39.89594],[-8.32841,39.89774],[-8.33105,39.89706],[-8.33191,39.8978],[-8.33446,39.89742],[-8.33536,39.89813],[-8.33654,39.89736],[-8.33842,39.89814],[-8.34007,39.89772],[-8.34061,39.89667],[-8.34174,39.89613],[-8.34147,39.89368],[-8.34255,39.89267],[-8.34388,39.893],[-8.34775,39.89254],[-8.35,39.89298],[-8.35599,39.89198],[-8.3575,39.88902],[-8.35981,39.89401],[-8.35972,39.89547],[-8.36171,39.90249],[-8.36291,39.90429],[-8.36268,39.90513],[-8.36398,39.90823],[-8.3616,39.90914],[-8.36002,39.90887],[-8.35448,39.91091],[-8.35127,39.9135],[-8.3455,39.91444],[-8.34252,39.91677],[-8.33479,39.91911],[-8.33777,39.92531],[-8.33908,39.93198],[-8.34602,39.94878],[-8.3418,39.95274],[-8.3375,39.95411],[-8.33686,39.95561],[-8.33465,39.95687],[-8.33431,39.96098],[-8.32637,39.96392],[-8.32656,39.96731],[-8.32797,39.96975],[-8.32623,39.97052],[-8.3263,39.97249],[-8.32547,39.9735],[-8.32526,39.9724],[-8.32453,39.97166],[-8.32368,39.97186],[-8.32209,39.97096],[-8.321,39.97166],[-8.31983,39.97134],[-8.32131,39.97397],[-8.31872,39.97468],[-8.31859,39.97995],[-8.31987,39.98305],[-8.31914,39.98486],[-8.31548,39.98686],[-8.31383,39.98872],[-8.31195,39.98876],[-8.31097,39.9851],[-8.30992,39.98314],[-8.30924,39.97746],[-8.30874,39.97615],[-8.30705,39.9743],[-8.29765,39.97041],[-8.29259,39.96891],[-8.28533,39.96548],[-8.27957,39.95942],[-8.2785,39.96081],[-8.27833,39.96205],[-8.27936,39.96282],[-8.28022,39.9624],[-8.28032,39.96183],[-8.28134,39.96199],[-8.2812,39.96382],[-8.28019,39.96396],[-8.27934,39.96347],[-8.27791,39.9655],[-8.27873,39.96664],[-8.28039,39.96768],[-8.27975,39.9699],[-8.27766,39.96964],[-8.27569,39.97232],[-8.27534,39.97389],[-8.27328,39.97322],[-8.27213,39.97573],[-8.27425,39.97841],[-8.27448,39.9797],[-8.27807,39.97908],[-8.2786,39.97978],[-8.27826,39.98073],[-8.27608,39.98221],[-8.27481,39.98195],[-8.27392,39.98227],[-8.27365,39.9833],[-8.27022,39.98373],[-8.27064,39.98529],[-8.27305,39.98555],[-8.2721,39.98668],[-8.27196,39.98788],[-8.27077,39.98852],[-8.27083,39.98943],[-8.27544,39.98939],[-8.28277,39.99218],[-8.28383,39.99434],[-8.28955,39.99838],[-8.29125,40.00121],[-8.29251,40.00421],[-8.29798,40.00935],[-8.29678,40.01593],[-8.29569,40.01674],[-8.293,40.0174],[-8.28855,40.02147],[-8.28804,40.02227],[-8.28796,40.02498],[-8.28108,40.03081],[-8.28154,40.03266],[-8.28279,40.03431],[-8.28186,40.03662],[-8.2761,40.04187],[-8.27581,40.0454],[-8.27298,40.04705],[-8.27008,40.05033],[-8.26313,40.05364],[-8.26284,40.05221],[-8.2576,40.05313],[-8.25505,40.05251],[-8.24927,40.05469],[-8.24657,40.05747],[-8.24592,40.06174],[-8.2422,40.06402],[-8.24319,40.06682],[-8.24223,40.0673],[-8.23538,40.06728],[-8.23151,40.06641],[-8.22045,40.05927],[-8.21629,40.05601],[-8.20975,40.05208],[-8.21173,40.05131],[-8.21242,40.04886],[-8.21513,40.04538],[-8.21411,40.04169],[-8.21554,40.03853],[-8.22177,40.03348],[-8.2285,40.02641],[-8.23167,40.02451],[-8.23282,40.02322],[-8.23286,40.02145],[-8.23391,40.01871],[-8.2329,40.01325],[-8.23596,40.00482],[-8.23696,40.00352],[-8.23784,39.99488],[-8.23764,39.99162],[-8.23668,39.98823],[-8.23787,39.98443],[-8.23808,39.97979],[-8.23629,39.97835],[-8.23388,39.97202],[-8.23455,39.96831],[-8.23766,39.96496],[-8.23957,39.96098],[-8.24079,39.95971],[-8.24149,39.9573],[-8.24382,39.95719],[-8.24681,39.95597],[-8.25315,39.95057],[-8.25369,39.94917],[-8.25499,39.94874],[-8.25386,39.94407],[-8.25407,39.94268],[-8.25555,39.94165],[-8.25547,39.9396],[-8.25229,39.93701],[-8.25235,39.93565],[-8.2541,39.93373],[-8.2538,39.93258],[-8.25636,39.93094],[-8.25687,39.92738],[-8.25888,39.92499],[-8.26141,39.92349],[-8.25916,39.91977],[-8.25918,39.91686],[-8.25746,39.91564],[-8.25627,39.91267],[-8.25743,39.9101],[-8.25734,39.90908],[-8.25546,39.9071],[-8.25527,39.90481],[-8.25613,39.90182],[-8.25303,39.89979],[-8.25122,39.89763],[-8.24888,39.89826],[-8.24323,39.89629],[-8.24242,39.89539],[-8.24229,39.89406],[-8.24073,39.89273],[-8.24002,39.89111],[-8.23804,39.88935],[-8.23913,39.88914],[-8.23913,39.88766],[-8.23781,39.88667],[-8.23782,39.88586],[-8.23727,39.88534],[-8.23746,39.88458],[-8.23463,39.88455],[-8.23435,39.88407],[-8.2349,39.88306],[-8.23409,39.88284],[-8.23354,39.88158],[-8.22958,39.87926],[-8.22798,39.87746],[-8.22891,39.87518],[-8.22764,39.87249],[-8.22646,39.87321],[-8.22524,39.87321],[-8.22462,39.87108],[-8.22556,39.86954],[-8.22513,39.86767],[-8.22393,39.8673],[-8.22268,39.86798],[-8.22179,39.8674],[-8.22137,39.86638],[-8.22252,39.86467],[-8.22225,39.86404],[-8.22443,39.86112],[-8.22451,39.85882],[-8.22383,39.85632],[-8.22281,39.85645],[-8.22323,39.8546],[-8.22586,39.85582],[-8.22778,39.85587],[-8.22788,39.85473],[-8.23077,39.8513],[-8.2322,39.84857],[-8.23408,39.8466],[-8.2392,39.84608],[-8.24603,39.84633],[-8.24965,39.84595],[-8.25509,39.84247],[-8.25974,39.84178],[-8.26519,39.843],[-8.26873,39.84262],[-8.27431,39.84303],[-8.27636,39.84115],[-8.27741,39.83679],[-8.27435,39.82946],[-8.27157,39.82692],[-8.27036,39.82466],[-8.27202,39.81947],[-8.27888,39.82043],[-8.28203,39.81908],[-8.28462,39.81289],[-8.28607,39.81204],[-8.29105,39.81109],[-8.29294,39.80867],[-8.29302,39.80631],[-8.2911,39.80243],[-8.28409,39.79936],[-8.28413,39.79808],[-8.28509,39.79576],[-8.28539,39.79619],[-8.29073,39.79749],[-8.29427,39.79621],[-8.29475,39.7956],[-8.29557,39.79654],[-8.29766,39.79507],[-8.29914,39.79524],[-8.30427,39.79322],[-8.30622,39.79452],[-8.30618,39.79492],[-8.31196,39.79723],[-8.31281,39.79714],[-8.316,39.79895],[-8.3203,39.79958],[-8.32194,39.80063],[-8.32457,39.80032],[-8.32677,39.79899],[-8.32801,39.79991],[-8.32956,39.80008],[-8.3311,39.80092],[-8.33263,39.80294],[-8.33435,39.80349],[-8.3357,39.80355],[-8.33422,39.80633],[-8.33468,39.81131],[-8.3336,39.81236],[-8.33324,39.81522],[-8.33469,39.81782],[-8.33497,39.81951],[-8.33395,39.82243],[-8.33108,39.82516],[-8.33067,39.82836],[-8.3311,39.83246],[-8.33037,39.83454],[-8.32876,39.83573],[-8.32802,39.84009],[-8.32859,39.84441]]]]}},{"type":"Feature","properties":{"distrito_ilha":"Leiria","dtmn":"1009","municipio":"Leiria"},"geometry":{"type":"MultiPolygon","coordinates":[[[[-8.91133,39.63717],[-8.91182,39.63929],[-8.91352,39.64092],[-8.913,39.64192],[-8.91378,39.64429],[-8.9117,39.6452],[-8.91144,39.64664],[-8.90967,39.64892],[-8.91253,39.64991],[-8.91087,39.65103],[-8.91198,39.65182],[-8.9132,39.65175],[-8.91519,39.65262],[-8.91542,39.65389],[-8.91671,39.65597],[-8.91475,39.65845],[-8.91481,39.66154],[-8.91611,39.66257],[-8.91528,39.66374],[-8.91578,39.66434],[-8.91518,39.66551],[-8.91575,39.66674],[-8.91468,39.66816],[-8.91947,39.66631],[-8.92493,39.66628],[-8.92549,39.66771],[-8.92609,39.66774],[-8.92646,39.66845],[-8.9281,39.66843],[-8.92893,39.66953],[-8.93076,39.66951],[-8.93271,39.67048],[-8.9323,39.67164],[-8.93608,39.67259],[-8.93685,39.67168],[-8.93905,39.67362],[-8.93876,39.67513],[-8.93913,39.67697],[-8.94125,39.67661],[-8.94159,39.67727],[-8.93998,39.67819],[-8.94146,39.67966],[-8.94098,39.67964],[-8.94125,39.68119],[-8.93851,39.68206],[-8.94052,39.68653],[-8.93409,39.68778],[-8.93426,39.68847],[-8.93292,39.68873],[-8.93248,39.68946],[-8.93587,39.69222],[-8.9333,39.69383],[-8.93363,39.69444],[-8.92673,39.69614],[-8.92342,39.69973],[-8.921,39.70376],[-8.92373,39.71419],[-8.92147,39.71499],[-8.91668,39.71352],[-8.91533,39.71429],[-8.91608,39.71538],[-8.91708,39.72036],[-8.91428,39.72055],[-8.91414,39.72128],[-8.91281,39.72126],[-8.91239,39.72328],[-8.91181,39.72358],[-8.91205,39.72456],[-8.91057,39.72439],[-8.90736,39.72773],[-8.90111,39.72488],[-8.90023,39.72379],[-8.89635,39.72544],[-8.89226,39.72853],[-8.88803,39.7341],[-8.88383,39.73853],[-8.88226,39.73909],[-8.8793,39.74118],[-8.87401,39.74256],[-8.8766,39.75008],[-8.87685,39.75267],[-8.87609,39.75394],[-8.8763,39.75508],[-8.87387,39.75679],[-8.87341,39.75874],[-8.87402,39.75894],[-8.87247,39.76094],[-8.87217,39.76384],[-8.8706,39.76511],[-8.87047,39.76594],[-8.86901,39.76704],[-8.86802,39.77341],[-8.86849,39.77371],[-8.86885,39.77556],[-8.88057,39.77939],[-8.8843,39.78372],[-8.88657,39.78322],[-8.88858,39.78217],[-8.89303,39.7824],[-8.89414,39.78374],[-8.89549,39.78424],[-8.89774,39.7817],[-8.90338,39.78391],[-8.90621,39.78807],[-8.90628,39.79375],[-8.91177,39.80121],[-8.90638,39.80376],[-8.90228,39.81132],[-8.89895,39.81274],[-8.89859,39.8151],[-8.89563,39.81782],[-8.89746,39.82124],[-8.89946,39.83005],[-8.90055,39.83247],[-8.91737,39.84261],[-8.92272,39.85473],[-8.92512,39.85902],[-8.92804,39.86316],[-8.92571,39.86364],[-8.91943,39.86333],[-8.91598,39.86444],[-8.90871,39.86797],[-8.90742,39.86793],[-8.90078,39.8699],[-8.90011,39.87181],[-8.89908,39.87231],[-8.89805,39.87212],[-8.89781,39.87256],[-8.8984,39.87294],[-8.897,39.87528],[-8.89511,39.87697],[-8.89536,39.87729],[-8.8939,39.87867],[-8.89431,39.87913],[-8.89377,39.87946],[-8.8963,39.88127],[-8.90471,39.8837],[-8.90744,39.88855],[-8.93211,39.89066],[-8.93308,39.88682],[-8.9362,39.8831],[-8.94599,39.88743],[-8.96817,39.88651],[-8.96647,39.89106],[-8.96456,39.89384],[-8.9633,39.89746],[-8.96159,39.89981],[-8.96132,39.90116],[-8.95929,39.90497],[-8.95888,39.90758],[-8.95724,39.90922],[-8.95724,39.91089],[-8.95498,39.91481],[-8.95577,39.91637],[-8.95528,39.91899],[-8.95414,39.92007],[-8.95327,39.92245],[-8.94815,39.93082],[-8.94667,39.93418],[-8.94682,39.93497],[-8.94215,39.94281],[-8.94192,39.94401],[-8.94069,39.94529],[-8.93223,39.96543],[-8.8927,39.95132],[-8.87677,39.9418],[-8.87538,39.942],[-8.86986,39.94465],[-8.8693,39.94327],[-8.86928,39.93963],[-8.84996,39.93626],[-8.8117,39.92087],[-8.79445,39.91509],[-8.79445,39.91305],[-8.79091,39.91238],[-8.78868,39.91136],[-8.78699,39.91171],[-8.78476,39.90957],[-8.78287,39.90881],[-8.78026,39.90883],[-8.77862,39.90717],[-8.77603,39.9058],[-8.77447,39.90384],[-8.76912,39.90095],[-8.76635,39.90041],[-8.76086,39.89834],[-8.75916,39.89416],[-8.75948,39.89062],[-8.75837,39.88749],[-8.7571,39.88601],[-8.75495,39.87747],[-8.75499,39.87385],[-8.75339,39.87165],[-8.75141,39.867],[-8.73953,39.86037],[-8.73775,39.858],[-8.73498,39.85058],[-8.73149,39.84664],[-8.73097,39.84261],[-8.72975,39.83952],[-8.72691,39.83858],[-8.72093,39.83455],[-8.71732,39.83323],[-8.71539,39.83183],[-8.71417,39.8319],[-8.71014,39.83074],[-8.70793,39.83236],[-8.70755,39.83449],[-8.70006,39.83629],[-8.69688,39.83543],[-8.69524,39.83525],[-8.69404,39.83576],[-8.68778,39.83489],[-8.68472,39.83296],[-8.68317,39.83268],[-8.68202,39.83073],[-8.67605,39.83014],[-8.67472,39.82623],[-8.67307,39.82614],[-8.66983,39.82401],[-8.66573,39.82247],[-8.66186,39.81996],[-8.65542,39.8179],[-8.65373,39.81583],[-8.64838,39.81286],[-8.64689,39.81279],[-8.64525,39.81356],[-8.64273,39.81159],[-8.64144,39.80988],[-8.63927,39.80867],[-8.63938,39.80771],[-8.63586,39.80689],[-8.63337,39.80434],[-8.63334,39.80371],[-8.63106,39.80186],[-8.62643,39.79996],[-8.62334,39.79621],[-8.6238,39.79522],[-8.6239,39.78956],[-8.62589,39.79002],[-8.62958,39.78931],[-8.63505,39.78987],[-8.63615,39.78822],[-8.63964,39.78685],[-8.64083,39.78527],[-8.64379,39.78401],[-8.64746,39.78366],[-8.65119,39.78107],[-8.65356,39.7803],[-8.65544,39.78054],[-8.65817,39.77859],[-8.66004,39.77788],[-8.6635,39.77756],[-8.66503,39.7766],[-8.66636,39.77663],[-8.66865,39.7752],[-8.6712,39.7747],[-8.67306,39.77519],[-8.67624,39.7741],[-8.67609,39.77325],[-8.67766,39.77241],[-8.67775,39.77063],[-8.6785,39.7707],[-8.67868,39.76981],[-8.67834,39.76956],[-8.67975,39.76951],[-8.6804,39.76777],[-8.67903,39.76477],[-8.67945,39.76434],[-8.67918,39.76348],[-8.67975,39.7619],[-8.67958,39.76086],[-8.67884,39.76047],[-8.67991,39.75838],[-8.6798,39.75313],[-8.68053,39.75133],[-8.68126,39.75065],[-8.6807,39.74922],[-8.68152,39.74852],[-8.68073,39.74841],[-8.68108,39.74826],[-8.68055,39.74785],[-8.68052,39.74682],[-8.67987,39.74708],[-8.67937,39.74588],[-8.67953,39.74459],[-8.67844,39.74283],[-8.67764,39.73787],[-8.67423,39.73536],[-8.67155,39.73263],[-8.67288,39.73104],[-8.67224,39.72989],[-8.66996,39.72863],[-8.66984,39.728],[-8.6662,39.72579],[-8.66485,39.72584],[-8.66418,39.72506],[-8.66593,39.7238],[-8.667,39.72407],[-8.66782,39.72271],[-8.67076,39.72292],[-8.6721,39.72357],[-8.67561,39.7236],[-8.67948,39.72046],[-8.67972,39.71912],[-8.68061,39.71835],[-8.68001,39.7175],[-8.68044,39.71614],[-8.68025,39.71532],[-8.67938,39.71458],[-8.67954,39.71354],[-8.67893,39.71234],[-8.67946,39.71199],[-8.67868,39.7091],[-8.67918,39.70887],[-8.67831,39.70894],[-8.67741,39.70981],[-8.67581,39.70943],[-8.67376,39.70982],[-8.66967,39.70746],[-8.6677,39.70807],[-8.66668,39.70735],[-8.65817,39.70445],[-8.65517,39.7025],[-8.65216,39.70316],[-8.65031,39.70281],[-8.64859,39.70176],[-8.64549,39.70193],[-8.64338,39.7011],[-8.64004,39.70116],[-8.63883,39.69934],[-8.63707,39.69846],[-8.63553,39.69691],[-8.63208,39.69553],[-8.63282,39.69495],[-8.63254,39.69477],[-8.63317,39.69444],[-8.63391,39.69475],[-8.634,39.69414],[-8.63516,39.69372],[-8.63474,39.69328],[-8.63721,39.68807],[-8.63965,39.68733],[-8.63972,39.68695],[-8.6423,39.68675],[-8.6426,39.68481],[-8.64313,39.68355],[-8.64367,39.68332],[-8.64333,39.68279],[-8.64609,39.68024],[-8.64522,39.67793],[-8.64186,39.6743],[-8.64429,39.67071],[-8.64374,39.67032],[-8.64535,39.66737],[-8.64754,39.66585],[-8.64777,39.66489],[-8.64656,39.66398],[-8.649,39.66175],[-8.64947,39.66064],[-8.65306,39.65889],[-8.6595,39.6578],[-8.6637,39.65535],[-8.66788,39.65376],[-8.67169,39.65107],[-8.67397,39.65147],[-8.67639,39.65072],[-8.67761,39.64884],[-8.67734,39.64687],[-8.67983,39.64594],[-8.68039,39.64525],[-8.68312,39.64594],[-8.68798,39.64317],[-8.69523,39.64188],[-8.6974,39.64026],[-8.69883,39.64138],[-8.7003,39.64112],[-8.70073,39.64032],[-8.70196,39.63996],[-8.70138,39.63807],[-8.70225,39.63813],[-8.70218,39.63742],[-8.70249,39.63884],[-8.70577,39.64369],[-8.71094,39.65419],[-8.71513,39.66055],[-8.71748,39.66515],[-8.72347,39.66764],[-8.72885,39.66889],[-8.74201,39.67347],[-8.74568,39.67216],[-8.75008,39.67527],[-8.75401,39.67521],[-8.75592,39.67634],[-8.75634,39.67754],[-8.75755,39.67849],[-8.75848,39.67796],[-8.76052,39.67851],[-8.76167,39.67745],[-8.76333,39.67724],[-8.76464,39.67643],[-8.7697,39.67682],[-8.77425,39.67512],[-8.77753,39.67303],[-8.78422,39.67238],[-8.79536,39.67449],[-8.79723,39.67499],[-8.79738,39.67551],[-8.80205,39.67556],[-8.80687,39.67951],[-8.80782,39.68169],[-8.8105,39.68518],[-8.81006,39.6861],[-8.81396,39.69132],[-8.81248,39.69212],[-8.81188,39.69322],[-8.8154,39.69539],[-8.81782,39.69549],[-8.82159,39.69415],[-8.8249,39.69408],[-8.82682,39.69352],[-8.82733,39.69435],[-8.82953,39.69508],[-8.82987,39.69407],[-8.83094,39.69412],[-8.83199,39.69504],[-8.83316,39.69293],[-8.83527,39.69135],[-8.83873,39.68713],[-8.84141,39.68639],[-8.8435,39.68463],[-8.84754,39.68256],[-8.8508,39.68172],[-8.85246,39.68056],[-8.85579,39.67967],[-8.85739,39.67822],[-8.85835,39.67797],[-8.85847,39.67753],[-8.86231,39.67742],[-8.86309,39.6766],[-8.86413,39.67645],[-8.86975,39.67002],[-8.87037,39.66781],[-8.87166,39.66812],[-8.87212,39.66439],[-8.87058,39.65813],[-8.86886,39.65391],[-8.87179,39.65285],[-8.87507,39.65061],[-8.87611,39.65151],[-8.87652,39.65137],[-8.87619,39.65099],[-8.87757,39.65042],[-8.87894,39.65081],[-8.87911,39.64969],[-8.88028,39.64951],[-8.88055,39.64887],[-8.88148,39.64858],[-8.88247,39.64917],[-8.88456,39.64791],[-8.88611,39.64889],[-8.88661,39.64856],[-8.88766,39.64889],[-8.8886,39.64641],[-8.89087,39.64458],[-8.89135,39.64239],[-8.89483,39.64199],[-8.8996,39.63934],[-8.90244,39.63889],[-8.90748,39.63739],[-8.90938,39.6376],[-8.91116,39.63687],[-8.91133,39.63717]]]]}},{"type":"Feature","properties":{"distrito_ilha":"Leiria","dtmn":"1010","municipio":"Marinha Grande"},"geometry":{"type":"MultiPolygon","coordinates":[[[[-8.97161,39.71712],[-8.97331,39.72401],[-8.9723,39.72593],[-8.97231,39.7274],[-8.98057,39.71671],[-8.9847,39.71305],[-8.989,39.71226],[-8.9977,39.71397],[-9.00094,39.7152],[-9.03135,39.73564],[-9.03629,39.73978],[-9.03688,39.73931],[-9.0383,39.74125],[-9.03896,39.74094],[-9.04026,39.74142],[-9.03423,39.75401],[-9.03287,39.75544],[-9.03319,39.75875],[-9.03237,39.76018],[-9.03244,39.76142],[-9.03165,39.76292],[-9.03215,39.76401],[-9.03118,39.76514],[-9.03111,39.76653],[-9.01873,39.7862],[-9.01659,39.79173],[-9.01428,39.79479],[-9.01291,39.7977],[-9.01275,39.79928],[-9.00787,39.80712],[-9.00179,39.81821],[-9.00063,39.82142],[-8.99641,39.82855],[-8.98904,39.84524],[-8.98741,39.84673],[-8.98529,39.85187],[-8.98604,39.8516],[-8.98217,39.85893],[-8.98094,39.86016],[-8.97735,39.86846],[-8.97468,39.87222],[-8.97189,39.87796],[-8.97258,39.87961],[-8.96817,39.88651],[-8.94599,39.88743],[-8.9362,39.8831],[-8.93308,39.88682],[-8.93211,39.89066],[-8.90744,39.88855],[-8.90471,39.8837],[-8.8963,39.88127],[-8.89377,39.87946],[-8.89431,39.87913],[-8.8939,39.87867],[-8.89727,39.87494],[-8.8984,39.87294],[-8.89781,39.87256],[-8.89805,39.87212],[-8.89908,39.87231],[-8.90011,39.87181],[-8.90078,39.8699],[-8.90742,39.86793],[-8.90767,39.8682],[-8.91058,39.86727],[-8.91598,39.86444],[-8.91961,39.86328],[-8.92571,39.86364],[-8.92811,39.8631],[-8.92512,39.85902],[-8.92102,39.85139],[-8.91737,39.84261],[-8.90055,39.83247],[-8.89946,39.83005],[-8.89746,39.82124],[-8.89565,39.81755],[-8.89859,39.8151],[-8.89895,39.81274],[-8.90228,39.81132],[-8.90638,39.80376],[-8.91177,39.80121],[-8.90628,39.79375],[-8.90621,39.78807],[-8.90338,39.78391],[-8.89774,39.7817],[-8.89549,39.78424],[-8.89414,39.78374],[-8.89303,39.7824],[-8.88858,39.78217],[-8.88657,39.78322],[-8.8843,39.78372],[-8.88057,39.77939],[-8.86885,39.77556],[-8.86849,39.77371],[-8.86805,39.77297],[-8.86896,39.76712],[-8.87217,39.76384],[-8.87247,39.76094],[-8.87402,39.75894],[-8.87341,39.75874],[-8.87387,39.75679],[-8.8763,39.75508],[-8.87609,39.75394],[-8.87685,39.75267],[-8.8766,39.75008],[-8.87401,39.74256],[-8.8793,39.74118],[-8.88476,39.73769],[-8.89226,39.72853],[-8.89566,39.72583],[-8.90023,39.72379],[-8.90111,39.72488],[-8.90736,39.72773],[-8.91057,39.72439],[-8.91205,39.72456],[-8.91181,39.72358],[-8.91239,39.72328],[-8.91281,39.72126],[-8.91414,39.72128],[-8.91428,39.72055],[-8.91708,39.72036],[-8.91608,39.71538],[-8.91533,39.71429],[-8.91668,39.71352],[-8.92147,39.71499],[-8.92337,39.71454],[-8.92366,39.71316],[-8.921,39.70376],[-8.92342,39.69973],[-8.92673,39.69614],[-8.93363,39.69444],[-8.9333,39.69383],[-8.93587,39.69222],[-8.93248,39.68946],[-8.93292,39.68873],[-8.93555,39.68868],[-8.94066,39.69069],[-8.94105,39.69123],[-8.94283,39.69062],[-8.94334,39.69133],[-8.94637,39.69065],[-8.94687,39.69212],[-8.94779,39.69143],[-8.94841,39.69323],[-8.94979,39.69236],[-8.952,39.69318],[-8.95364,39.69709],[-8.9554,39.69602],[-8.95576,39.69665],[-8.95481,39.69646],[-8.95551,39.69765],[-8.95817,39.69773],[-8.95824,39.69934],[-8.95753,39.69941],[-8.95758,39.69984],[-8.95813,39.6998],[-8.95793,39.70058],[-8.95943,39.70069],[-8.96194,39.69978],[-8.96647,39.70335],[-8.96644,39.70537],[-8.968,39.70852],[-8.96793,39.71026],[-8.9686,39.71188],[-8.97087,39.71454],[-8.97104,39.71547],[-8.97014,39.71682],[-8.97161,39.71712]]]]}},{"type":"Feature","properties":{"distrito_ilha":"Leiria","dtmn":"1013","municipio":"Pedrógão Grande"},"geometry":{"type":"MultiPolygon","coordinates":[[[[-8.18854,39.87676],[-8.18544,39.87406],[-8.18511,39.87321],[-8.18626,39.87202],[-8.18878,39.87079],[-8.19274,39.87016],[-8.19946,39.86575],[-8.19967,39.864],[-8.19737,39.85943],[-8.20041,39.85595],[-8.2048,39.85409],[-8.21009,39.85089],[-8.21336,39.85026],[-8.2162,39.85069],[-8.21909,39.85346],[-8.22323,39.8546],[-8.22281,39.85645],[-8.22398,39.85663],[-8.22397,39.85795],[-8.22451,39.85882],[-8.22443,39.86112],[-8.22234,39.86387],[-8.22252,39.86467],[-8.22137,39.86638],[-8.22179,39.8674],[-8.22292,39.86804],[-8.22393,39.8673],[-8.22513,39.86767],[-8.22556,39.86954],[-8.22462,39.87093],[-8.22504,39.87314],[-8.22789,39.87267],[-8.22891,39.87518],[-8.22795,39.87694],[-8.2281,39.8777],[-8.22958,39.87926],[-8.23354,39.88158],[-8.23386,39.88266],[-8.2349,39.88306],[-8.23435,39.88407],[-8.23487,39.8846],[-8.23746,39.88458],[-8.23727,39.88534],[-8.23799,39.88693],[-8.23913,39.88766],[-8.23913,39.88914],[-8.23804,39.88935],[-8.24216,39.89388],[-8.24242,39.89539],[-8.24354,39.89644],[-8.24888,39.89826],[-8.25122,39.89763],[-8.25303,39.89979],[-8.25531,39.90102],[-8.25624,39.90204],[-8.25527,39.90481],[-8.25559,39.90746],[-8.25738,39.90929],[-8.25739,39.91076],[-8.25627,39.91267],[-8.25746,39.91564],[-8.25918,39.91686],[-8.25916,39.91977],[-8.2614,39.9238],[-8.25921,39.92471],[-8.25687,39.92738],[-8.25636,39.93094],[-8.2538,39.93258],[-8.2541,39.93373],[-8.25235,39.93565],[-8.25229,39.93701],[-8.25551,39.93972],[-8.25555,39.94165],[-8.25407,39.94268],[-8.25386,39.94407],[-8.25499,39.94874],[-8.25369,39.94917],[-8.25315,39.95057],[-8.24681,39.95597],[-8.24382,39.95719],[-8.23746,39.95745],[-8.23173,39.95871],[-8.22723,39.95782],[-8.22438,39.95554],[-8.22364,39.95462],[-8.22427,39.95313],[-8.22749,39.95073],[-8.22367,39.94865],[-8.21627,39.94597],[-8.20863,39.95192],[-8.20757,39.95449],[-8.20553,39.95523],[-8.20545,39.95634],[-8.2079,39.95657],[-8.20946,39.95829],[-8.19752,39.96166],[-8.19223,39.96409],[-8.18904,39.96728],[-8.18756,39.9716],[-8.18857,39.97277],[-8.18951,39.97592],[-8.1906,39.97641],[-8.18809,39.97788],[-8.18911,39.97892],[-8.18788,39.97995],[-8.1869,39.98421],[-8.18546,39.9857],[-8.18582,39.98915],[-8.18358,39.99076],[-8.18158,39.99126],[-8.18151,39.9927],[-8.18058,39.99483],[-8.17557,39.9969],[-8.17442,39.99849],[-8.16819,40.00115],[-8.16936,40.00495],[-8.17166,40.00745],[-8.17229,40.01036],[-8.17398,40.0126],[-8.1749,40.0149],[-8.17489,40.01947],[-8.17339,40.02197],[-8.17298,40.02559],[-8.17132,40.02775],[-8.17181,40.03217],[-8.17112,40.03434],[-8.17209,40.03646],[-8.1669,40.03385],[-8.16012,40.03158],[-8.1569,40.03117],[-8.15411,40.03146],[-8.15685,40.02726],[-8.15565,40.0269],[-8.15604,40.02514],[-8.15506,40.0236],[-8.156,40.02194],[-8.15411,40.02179],[-8.15524,40.02046],[-8.15455,40.01945],[-8.15132,40.01857],[-8.15089,40.01666],[-8.15009,40.01616],[-8.14896,40.01708],[-8.14827,40.01704],[-8.14815,40.01615],[-8.14526,40.01448],[-8.14481,40.01375],[-8.14522,40.0133],[-8.14397,40.01341],[-8.14422,40.01276],[-8.14348,40.01127],[-8.14254,40.01122],[-8.14308,40.01015],[-8.14158,40.00995],[-8.13993,40.00724],[-8.1411,40.00552],[-8.14124,40.00388],[-8.13965,40.00314],[-8.1383,40.00339],[-8.13783,40.00313],[-8.13842,40.00162],[-8.13802,40.00116],[-8.13912,40.00073],[-8.13924,39.9993],[-8.137,39.9997],[-8.13604,39.99836],[-8.13741,39.99759],[-8.13707,39.99617],[-8.13609,39.99613],[-8.13427,39.99711],[-8.13307,39.99525],[-8.132,39.99516],[-8.13226,39.9926],[-8.12954,39.99256],[-8.12934,39.99199],[-8.1265,39.99079],[-8.12529,39.98888],[-8.12612,39.98581],[-8.12382,39.98524],[-8.12207,39.98571],[-8.12046,39.9854],[-8.12081,39.98636],[-8.11961,39.98665],[-8.11896,39.9839],[-8.11978,39.9838],[-8.12074,39.98447],[-8.12148,39.98439],[-8.12156,39.98382],[-8.12,39.98293],[-8.12032,39.98181],[-8.11847,39.98214],[-8.11797,39.98124],[-8.11685,39.98182],[-8.11656,39.98013],[-8.1153,39.97874],[-8.11591,39.97771],[-8.11511,39.97659],[-8.11202,39.97545],[-8.1124,39.97297],[-8.11111,39.97263],[-8.10997,39.97152],[-8.11064,39.96875],[-8.11193,39.96775],[-8.11191,39.96674],[-8.10832,39.96316],[-8.10804,39.96208],[-8.1102,39.95962],[-8.11072,39.95702],[-8.1129,39.95403],[-8.12082,39.95216],[-8.12363,39.94858],[-8.12301,39.94609],[-8.1239,39.94436],[-8.13208,39.94057],[-8.1326,39.93987],[-8.13272,39.93754],[-8.13131,39.93614],[-8.12689,39.93489],[-8.1238,39.93282],[-8.11868,39.93409],[-8.11901,39.93121],[-8.12011,39.92977],[-8.12329,39.92778],[-8.12874,39.9257],[-8.13294,39.91588],[-8.13763,39.90992],[-8.14033,39.90274],[-8.14141,39.90164],[-8.14198,39.8986],[-8.13979,39.89486],[-8.14148,39.89281],[-8.14586,39.88918],[-8.14917,39.88535],[-8.15096,39.88476],[-8.15429,39.885],[-8.15838,39.88284],[-8.16289,39.88295],[-8.16557,39.8815],[-8.16571,39.87708],[-8.16708,39.87553],[-8.1685,39.87516],[-8.17157,39.87536],[-8.1766,39.87836],[-8.18569,39.8815],[-8.18681,39.8807],[-8.18854,39.87826],[-8.18854,39.87676]]]]}},{"type":"Feature","properties":{"distrito_ilha":"Leiria","dtmn":"1015","municipio":"Pombal"},"geometry":{"type":"MultiPolygon","coordinates":[[[[-8.64623,39.81295],[-8.64783,39.81276],[-8.65111,39.81407],[-8.65373,39.81583],[-8.65542,39.8179],[-8.66186,39.81996],[-8.66397,39.82156],[-8.66983,39.82401],[-8.67307,39.82614],[-8.67472,39.82623],[-8.67605,39.83014],[-8.68202,39.83073],[-8.68317,39.83268],[-8.68472,39.83296],[-8.68778,39.83489],[-8.69404,39.83576],[-8.69524,39.83525],[-8.70006,39.83629],[-8.70755,39.83449],[-8.70793,39.83236],[-8.71014,39.83074],[-8.71417,39.8319],[-8.71563,39.83194],[-8.71732,39.83323],[-8.72093,39.83455],[-8.72691,39.83858],[-8.7292,39.83917],[-8.72997,39.83987],[-8.73097,39.84261],[-8.73149,39.84664],[-8.73498,39.85058],[-8.73775,39.858],[-8.73953,39.86037],[-8.75027,39.86617],[-8.75177,39.86739],[-8.75339,39.87165],[-8.75499,39.87385],[-8.755,39.87769],[-8.7571,39.88601],[-8.75837,39.88749],[-8.7595,39.89079],[-8.75916,39.89416],[-8.76086,39.89834],[-8.77049,39.90158],[-8.77216,39.90287],[-8.77447,39.90384],[-8.77603,39.9058],[-8.77862,39.90717],[-8.78039,39.90889],[-8.78287,39.90881],[-8.78476,39.90957],[-8.78699,39.91171],[-8.78868,39.91136],[-8.79091,39.91238],[-8.79445,39.91305],[-8.79445,39.91509],[-8.8117,39.92087],[-8.84996,39.93626],[-8.86928,39.93963],[-8.8693,39.94327],[-8.86986,39.94465],[-8.87538,39.942],[-8.87677,39.9418],[-8.8927,39.95132],[-8.93223,39.96543],[-8.91676,39.99758],[-8.90575,40.02332],[-8.90124,40.03124],[-8.89745,40.04028],[-8.89649,40.04178],[-8.89568,40.04198],[-8.89594,40.04286],[-8.89493,40.0455],[-8.89439,40.0454],[-8.89429,40.04458],[-8.88772,40.04279],[-8.88341,40.04053],[-8.88036,40.04011],[-8.87057,40.0348],[-8.86983,40.03221],[-8.86853,40.03087],[-8.86665,40.02684],[-8.86681,40.0262],[-8.86898,40.02437],[-8.86865,40.02338],[-8.84753,40.02359],[-8.84172,40.02676],[-8.841,40.02786],[-8.83968,40.02853],[-8.83877,40.02826],[-8.8377,40.02672],[-8.82967,40.02457],[-8.8272,40.0233],[-8.82552,40.02176],[-8.81852,40.02093],[-8.81526,40.01654],[-8.80759,40.01527],[-8.80036,40.01258],[-8.79841,40.01539],[-8.79783,40.02142],[-8.79477,40.02585],[-8.7898,40.02934],[-8.78564,40.03498],[-8.78239,40.03759],[-8.77707,40.03749],[-8.77265,40.03847],[-8.76668,40.04084],[-8.76254,40.04116],[-8.76067,40.04025],[-8.75736,40.03987],[-8.75206,40.0376],[-8.74866,40.03734],[-8.74582,40.0364],[-8.74526,40.03673],[-8.73678,40.03233],[-8.72829,40.03184],[-8.72315,40.03082],[-8.71675,40.03079],[-8.70665,40.02915],[-8.70342,40.02759],[-8.70181,40.02756],[-8.69951,40.02912],[-8.69534,40.02975],[-8.6908,40.02651],[-8.68853,40.02775],[-8.68678,40.02685],[-8.68498,40.02704],[-8.68225,40.02869],[-8.67879,40.02824],[-8.67583,40.03008],[-8.67421,40.02948],[-8.67221,40.02721],[-8.67072,40.02263],[-8.66847,40.01985],[-8.66884,40.01867],[-8.66616,40.01629],[-8.65992,40.01656],[-8.65719,40.01544],[-8.65227,40.01153],[-8.64623,40.01011],[-8.64112,40.01112],[-8.64013,40.00953],[-8.6432,40.00573],[-8.64291,40.00378],[-8.64472,40.00218],[-8.64394,40.00069],[-8.64231,39.99948],[-8.64421,39.9962],[-8.64415,39.9953],[-8.64333,39.99464],[-8.64507,39.99194],[-8.64286,39.99042],[-8.63343,39.99149],[-8.6297,39.9908],[-8.61623,39.99159],[-8.61495,39.9923],[-8.61346,39.99683],[-8.6115,39.99845],[-8.6114,40.00073],[-8.61186,40.00142],[-8.60678,40.00736],[-8.60257,40.01069],[-8.6021,40.01214],[-8.60229,40.01431],[-8.60096,40.0159],[-8.60072,40.01838],[-8.59825,40.02246],[-8.59348,40.02343],[-8.59268,40.02399],[-8.59189,40.02741],[-8.58954,40.0281],[-8.56262,40.02817],[-8.55399,40.02521],[-8.55237,40.02396],[-8.55151,40.01613],[-8.55149,40.00824],[-8.55059,40.0013],[-8.54921,39.99645],[-8.54887,39.98443],[-8.54618,39.98228],[-8.5458,39.98111],[-8.5465,39.97811],[-8.55194,39.9726],[-8.55169,39.96158],[-8.55087,39.95904],[-8.54835,39.95612],[-8.54327,39.95301],[-8.54139,39.95017],[-8.53881,39.94884],[-8.53824,39.94744],[-8.52955,39.94192],[-8.52805,39.93919],[-8.52912,39.93625],[-8.52511,39.92916],[-8.51925,39.92244],[-8.51417,39.91981],[-8.50913,39.91429],[-8.50927,39.91041],[-8.50465,39.90754],[-8.5005,39.90411],[-8.49776,39.90341],[-8.49516,39.90451],[-8.49377,39.90229],[-8.49037,39.90107],[-8.48828,39.90124],[-8.48515,39.899],[-8.48494,39.89941],[-8.48387,39.89913],[-8.48304,39.89971],[-8.48233,39.8982],[-8.47812,39.89727],[-8.47778,39.89607],[-8.47567,39.89499],[-8.47431,39.89365],[-8.47092,39.89247],[-8.47153,39.89098],[-8.47001,39.88825],[-8.47203,39.88496],[-8.47169,39.88311],[-8.47284,39.8822],[-8.47264,39.87982],[-8.47387,39.87685],[-8.47362,39.87565],[-8.47634,39.87299],[-8.47844,39.87187],[-8.47679,39.87125],[-8.47585,39.87008],[-8.47628,39.8696],[-8.47575,39.86863],[-8.47637,39.86685],[-8.47831,39.86615],[-8.47911,39.86506],[-8.47924,39.86349],[-8.48155,39.8613],[-8.48368,39.86016],[-8.48321,39.85852],[-8.48393,39.85375],[-8.48291,39.85266],[-8.48329,39.85147],[-8.48155,39.85],[-8.48162,39.84918],[-8.48082,39.84875],[-8.48083,39.84274],[-8.48121,39.84126],[-8.47795,39.83873],[-8.4786,39.8366],[-8.48313,39.83451],[-8.48271,39.83387],[-8.48315,39.83336],[-8.48402,39.83342],[-8.48444,39.83278],[-8.48584,39.83251],[-8.48685,39.83073],[-8.48868,39.82978],[-8.49371,39.82991],[-8.49415,39.82834],[-8.49601,39.82851],[-8.49563,39.82753],[-8.4967,39.82682],[-8.49684,39.82623],[-8.49788,39.82615],[-8.50098,39.82399],[-8.5014,39.82133],[-8.50117,39.81791],[-8.50501,39.81689],[-8.50644,39.81505],[-8.50769,39.81592],[-8.50791,39.81689],[-8.51158,39.82009],[-8.51174,39.8212],[-8.51307,39.82321],[-8.51486,39.82432],[-8.5175,39.82805],[-8.52055,39.82826],[-8.52421,39.82767],[-8.52336,39.82559],[-8.52476,39.8234],[-8.52426,39.82226],[-8.52513,39.82093],[-8.52509,39.8201],[-8.52661,39.81841],[-8.52672,39.81676],[-8.53218,39.8146],[-8.5349,39.81072],[-8.53641,39.8102],[-8.53753,39.80902],[-8.53951,39.808],[-8.54108,39.80241],[-8.54563,39.7981],[-8.54784,39.79788],[-8.55112,39.79616],[-8.55287,39.79402],[-8.55477,39.79343],[-8.55616,39.79213],[-8.55821,39.79154],[-8.56523,39.7919],[-8.56699,39.79076],[-8.56762,39.7897],[-8.56975,39.78912],[-8.57058,39.78783],[-8.57167,39.78716],[-8.57518,39.78751],[-8.57687,39.78506],[-8.57882,39.78367],[-8.5797,39.78242],[-8.58151,39.78223],[-8.58461,39.77947],[-8.58844,39.77905],[-8.5931,39.77689],[-8.60424,39.77993],[-8.60492,39.78203],[-8.60941,39.78438],[-8.60978,39.78519],[-8.6095,39.78628],[-8.61017,39.78792],[-8.61115,39.78855],[-8.61493,39.78769],[-8.61785,39.7881],[-8.62218,39.78963],[-8.6239,39.78956],[-8.6238,39.79522],[-8.62334,39.79621],[-8.62643,39.79996],[-8.63106,39.80186],[-8.63334,39.80371],[-8.63337,39.80434],[-8.63586,39.80689],[-8.63938,39.80771],[-8.63927,39.80867],[-8.64144,39.80988],[-8.64273,39.81159],[-8.64525,39.81356],[-8.64623,39.81295]]]]}},{"type":"Feature","properties":{"distrito_ilha":"Leiria","dtmn":"1016","municipio":"Porto de Mós"},"geometry":{"type":"MultiPolygon","coordinates":[[[[-8.90163,39.4781],[-8.90146,39.47912],[-8.90213,39.48077],[-8.90206,39.48446],[-8.90145,39.48487],[-8.9017,39.48536],[-8.89924,39.48761],[-8.89802,39.48983],[-8.898,39.49301],[-8.89743,39.49336],[-8.89721,39.49473],[-8.89599,39.49476],[-8.89573,39.4967],[-8.89624,39.49696],[-8.89659,39.49855],[-8.89625,39.50204],[-8.89591,39.50248],[-8.89473,39.50257],[-8.89475,39.50663],[-8.89188,39.50764],[-8.89083,39.50856],[-8.8912,39.50987],[-8.89002,39.51212],[-8.88583,39.51341],[-8.88723,39.52603],[-8.88917,39.5354],[-8.88689,39.53728],[-8.8841,39.5414],[-8.88447,39.54243],[-8.8833,39.54375],[-8.88232,39.54258],[-8.88099,39.54389],[-8.88185,39.54425],[-8.88003,39.54506],[-8.87933,39.54653],[-8.8786,39.54645],[-8.87635,39.55042],[-8.87669,39.5507],[-8.8761,39.55084],[-8.87244,39.55517],[-8.87036,39.55847],[-8.86801,39.56073],[-8.86855,39.56105],[-8.8678,39.5612],[-8.86543,39.56398],[-8.86929,39.56589],[-8.86886,39.56628],[-8.87702,39.57244],[-8.8762,39.57384],[-8.87783,39.57566],[-8.87804,39.57695],[-8.87974,39.57653],[-8.88013,39.57775],[-8.88114,39.5788],[-8.88319,39.57781],[-8.8852,39.57847],[-8.8869,39.57831],[-8.88835,39.57659],[-8.89059,39.57612],[-8.89391,39.57243],[-8.89584,39.57174],[-8.89654,39.57173],[-8.89706,39.57022],[-8.89791,39.56973],[-8.90005,39.56963],[-8.90117,39.56871],[-8.90339,39.56947],[-8.90427,39.5713],[-8.9053,39.57217],[-8.9058,39.57377],[-8.90704,39.57517],[-8.90806,39.57557],[-8.90949,39.58023],[-8.91316,39.58323],[-8.91416,39.58509],[-8.91431,39.58691],[-8.91611,39.58869],[-8.91657,39.59233],[-8.91852,39.59304],[-8.91937,39.59446],[-8.91817,39.59548],[-8.91877,39.59618],[-8.91997,39.59598],[-8.92156,39.59991],[-8.92125,39.60122],[-8.923,39.60125],[-8.92355,39.6024],[-8.92301,39.60257],[-8.92617,39.60664],[-8.92813,39.60769],[-8.92997,39.61059],[-8.93043,39.61605],[-8.93275,39.62478],[-8.93356,39.6262],[-8.93198,39.62617],[-8.93113,39.62664],[-8.93086,39.62762],[-8.92882,39.62826],[-8.92819,39.62896],[-8.92596,39.62921],[-8.92492,39.63024],[-8.91938,39.63228],[-8.91672,39.63241],[-8.9145,39.63368],[-8.91083,39.63709],[-8.90942,39.6376],[-8.90748,39.63739],[-8.905,39.63839],[-8.90327,39.63835],[-8.90244,39.63889],[-8.89952,39.63937],[-8.89483,39.64199],[-8.89135,39.64239],[-8.89087,39.64458],[-8.8886,39.64641],[-8.88766,39.64889],[-8.88661,39.64856],[-8.88611,39.64889],[-8.88456,39.64791],[-8.88247,39.64917],[-8.88148,39.64858],[-8.88043,39.64893],[-8.88028,39.64951],[-8.87911,39.64969],[-8.87894,39.65081],[-8.87704,39.65053],[-8.87619,39.65099],[-8.87652,39.65137],[-8.87611,39.65151],[-8.87507,39.65061],[-8.87378,39.65134],[-8.87185,39.64799],[-8.86846,39.64615],[-8.86838,39.64496],[-8.86573,39.645],[-8.86289,39.64414],[-8.86216,39.64451],[-8.86194,39.644],[-8.85759,39.64322],[-8.8571,39.64373],[-8.85671,39.64323],[-8.85481,39.64286],[-8.85472,39.64319],[-8.85272,39.64203],[-8.85181,39.64373],[-8.84951,39.64285],[-8.84896,39.64319],[-8.84887,39.64245],[-8.84766,39.64221],[-8.84754,39.64264],[-8.84488,39.64142],[-8.84174,39.64105],[-8.84026,39.63974],[-8.84042,39.63923],[-8.83968,39.63899],[-8.8392,39.63996],[-8.83859,39.63925],[-8.83603,39.6384],[-8.83356,39.63913],[-8.83299,39.63858],[-8.83176,39.63936],[-8.83011,39.63854],[-8.82979,39.63886],[-8.82797,39.63839],[-8.82676,39.63862],[-8.82269,39.63668],[-8.82272,39.63632],[-8.82218,39.63665],[-8.82209,39.63581],[-8.82125,39.63558],[-8.81955,39.63347],[-8.81483,39.63155],[-8.80976,39.63132],[-8.80898,39.63035],[-8.80544,39.62806],[-8.80171,39.62788],[-8.79742,39.62625],[-8.79793,39.62467],[-8.79742,39.62375],[-8.79558,39.6245],[-8.79569,39.62536],[-8.79413,39.62562],[-8.79377,39.62393],[-8.79239,39.62482],[-8.79206,39.62451],[-8.79043,39.62484],[-8.79234,39.62685],[-8.7912,39.62738],[-8.79013,39.62603],[-8.78848,39.62522],[-8.7858,39.62726],[-8.78557,39.62693],[-8.78414,39.62775],[-8.78262,39.62756],[-8.78164,39.62833],[-8.77723,39.62739],[-8.77662,39.62784],[-8.77667,39.62686],[-8.7746,39.62729],[-8.77094,39.62492],[-8.76958,39.62452],[-8.7682,39.62068],[-8.7689,39.61936],[-8.76837,39.61889],[-8.76388,39.61847],[-8.75987,39.61961],[-8.75906,39.61818],[-8.75478,39.61572],[-8.7554,39.61505],[-8.75491,39.61465],[-8.7543,39.61493],[-8.75462,39.61434],[-8.75324,39.61245],[-8.75391,39.6111],[-8.7537,39.60964],[-8.75136,39.60774],[-8.74858,39.60822],[-8.74818,39.60943],[-8.7485,39.61041],[-8.74318,39.61173],[-8.74129,39.61091],[-8.74056,39.60919],[-8.74015,39.60947],[-8.73962,39.60875],[-8.73851,39.60859],[-8.73883,39.60821],[-8.73714,39.6075],[-8.73687,39.60627],[-8.73599,39.60625],[-8.7342,39.60224],[-8.73324,39.60129],[-8.73287,39.60003],[-8.7332,39.59799],[-8.7307,39.59773],[-8.73033,39.59653],[-8.73076,39.5963],[-8.7298,39.59571],[-8.72897,39.59314],[-8.72953,39.59201],[-8.72812,39.58977],[-8.72728,39.58943],[-8.72761,39.58882],[-8.72616,39.58815],[-8.72358,39.58518],[-8.72266,39.58505],[-8.72033,39.57792],[-8.71948,39.57701],[-8.71796,39.5765],[-8.71749,39.57576],[-8.71806,39.57509],[-8.71773,39.57324],[-8.7195,39.57281],[-8.71978,39.5722],[-8.71894,39.57064],[-8.71734,39.56975],[-8.71782,39.5692],[-8.71647,39.56856],[-8.71661,39.56775],[-8.71467,39.56758],[-8.7142,39.56662],[-8.71449,39.56545],[-8.71368,39.5654],[-8.71375,39.5647],[-8.7124,39.56473],[-8.71088,39.56356],[-8.71008,39.56374],[-8.70961,39.56262],[-8.70702,39.56196],[-8.7069,39.56051],[-8.70567,39.55896],[-8.70376,39.5577],[-8.70308,39.5581],[-8.70125,39.55586],[-8.70018,39.55594],[-8.6998,39.5557],[-8.69997,39.55488],[-8.69909,39.55489],[-8.69721,39.55381],[-8.69756,39.55435],[-8.69629,39.55472],[-8.69579,39.55428],[-8.69289,39.5541],[-8.69141,39.55278],[-8.69019,39.5534],[-8.68738,39.55088],[-8.69,39.54726],[-8.68967,39.54424],[-8.69008,39.54214],[-8.692,39.54104],[-8.69309,39.53924],[-8.69306,39.53818],[-8.69387,39.53686],[-8.69517,39.53235],[-8.69712,39.53299],[-8.69786,39.53281],[-8.69835,39.53173],[-8.70019,39.53096],[-8.70029,39.52966],[-8.70167,39.52961],[-8.70369,39.52861],[-8.70542,39.52957],[-8.70805,39.52733],[-8.71041,39.5243],[-8.71448,39.52078],[-8.72594,39.52897],[-8.72817,39.52978],[-8.73083,39.5325],[-8.7328,39.53352],[-8.73363,39.53617],[-8.73754,39.53695],[-8.73904,39.53518],[-8.7398,39.53512],[-8.74002,39.53391],[-8.74174,39.53411],[-8.74204,39.53183],[-8.74291,39.53161],[-8.74323,39.53103],[-8.74293,39.53062],[-8.74564,39.53008],[-8.74552,39.5297],[-8.74654,39.52905],[-8.74615,39.52808],[-8.74684,39.52712],[-8.74642,39.52464],[-8.74473,39.52367],[-8.74573,39.52133],[-8.74422,39.51923],[-8.74448,39.51687],[-8.74391,39.51467],[-8.74333,39.51412],[-8.74398,39.51245],[-8.74358,39.51219],[-8.74304,39.5092],[-8.74092,39.50733],[-8.73958,39.50404],[-8.73691,39.50143],[-8.73652,39.50023],[-8.7345,39.49968],[-8.73284,39.49984],[-8.73305,39.49939],[-8.7322,39.4991],[-8.73258,39.4985],[-8.73412,39.49923],[-8.73386,39.49839],[-8.73491,39.49829],[-8.73522,39.49781],[-8.73375,39.49635],[-8.73487,39.49582],[-8.73468,39.49254],[-8.73344,39.49233],[-8.73341,39.49149],[-8.73406,39.49094],[-8.73253,39.49004],[-8.7337,39.48846],[-8.7332,39.48771],[-8.73278,39.4885],[-8.73211,39.48849],[-8.73152,39.48648],[-8.73269,39.48564],[-8.73223,39.48516],[-8.73243,39.48422],[-8.73043,39.48394],[-8.73043,39.483],[-8.73138,39.48242],[-8.73101,39.48187],[-8.72985,39.48191],[-8.72893,39.48106],[-8.72933,39.48002],[-8.73011,39.48077],[-8.73156,39.47982],[-8.73583,39.47936],[-8.73591,39.48051],[-8.73873,39.48064],[-8.74036,39.47989],[-8.74022,39.47943],[-8.74082,39.47904],[-8.74083,39.4778],[-8.74181,39.47783],[-8.74257,39.47854],[-8.74395,39.47795],[-8.74499,39.47898],[-8.74552,39.47864],[-8.74776,39.48017],[-8.75072,39.47821],[-8.75217,39.47793],[-8.75503,39.47632],[-8.75538,39.47675],[-8.75751,39.47685],[-8.75836,39.4757],[-8.76464,39.47683],[-8.76581,39.47633],[-8.77186,39.47897],[-8.78007,39.47935],[-8.78901,39.47912],[-8.79526,39.48057],[-8.80239,39.483],[-8.80879,39.48165],[-8.81837,39.47801],[-8.82993,39.47586],[-8.83645,39.47416],[-8.84642,39.47253],[-8.85782,39.474],[-8.86325,39.47545],[-8.87105,39.47569],[-8.87303,39.47541],[-8.8754,39.47431],[-8.88144,39.47435],[-8.88548,39.47239],[-8.88768,39.4691],[-8.89257,39.46525],[-8.90342,39.46601],[-8.90443,39.47131],[-8.90395,39.47301],[-8.90278,39.47435],[-8.90163,39.4781]]]]}},{"type":"Feature","properties":{"distrito_ilha":"Portalegre","dtmn":"1209","municipio":"Gavião"},"geometry":{"type":"MultiPolygon","coordinates":[[[[-7.96863,39.38247],[-7.96598,39.38559],[-7.96652,39.38719],[-7.9646,39.38791],[-7.96373,39.38974],[-7.95961,39.39075],[-7.95852,39.39397],[-7.95851,39.39757],[-7.94902,39.40019],[-7.94654,39.40535],[-7.94285,39.40687],[-7.93951,39.4103],[-7.9428,39.41688],[-7.94192,39.41803],[-7.94317,39.42023],[-7.94488,39.42034],[-7.9456,39.42111],[-7.94541,39.4225],[-7.94746,39.42448],[-7.95197,39.42432],[-7.9531,39.42454],[-7.95395,39.42546],[-7.9545,39.42513],[-7.95598,39.4257],[-7.95573,39.42749],[-7.95879,39.42891],[-7.9624,39.42781],[-7.96469,39.42809],[-7.96451,39.4308],[-7.96518,39.43123],[-7.96773,39.43131],[-7.96941,39.43227],[-7.96915,39.43304],[-7.96965,39.43461],[-7.96908,39.4355],[-7.96923,39.43658],[-7.97059,39.43656],[-7.97319,39.43537],[-7.97456,39.43565],[-7.9757,39.43802],[-7.97653,39.43871],[-7.97583,39.44051],[-7.97746,39.44083],[-7.9791,39.44051],[-7.98207,39.44255],[-7.98233,39.44347],[-7.98426,39.44421],[-7.9845,39.44487],[-7.98662,39.44491],[-7.98691,39.44409],[-7.98994,39.44481],[-7.9919,39.44714],[-7.99348,39.44755],[-7.99424,39.44832],[-7.99544,39.44826],[-7.99681,39.45296],[-7.99913,39.45562],[-8.00155,39.45667],[-8.0063,39.46181],[-8.00608,39.46378],[-8.00705,39.46853],[-8.00889,39.47321],[-8.0056,39.47787],[-8.00377,39.47919],[-7.99821,39.48082],[-7.99502,39.47982],[-7.9973,39.4829],[-8.0003,39.48317],[-8.00134,39.48396],[-8.00214,39.4862],[-8.00189,39.48852],[-8.00236,39.48987],[-8.00063,39.49238],[-8.00296,39.49439],[-8.00478,39.49417],[-8.00522,39.49522],[-8.00489,39.49714],[-8.00288,39.4978],[-8.00286,39.49894],[-8.00175,39.49831],[-8.00125,39.49881],[-8.00145,39.49988],[-7.99937,39.50341],[-8.00019,39.50454],[-7.99892,39.50594],[-7.99734,39.50586],[-7.99405,39.50725],[-7.99495,39.50964],[-7.99307,39.51147],[-7.98971,39.51065],[-7.98837,39.51261],[-7.98565,39.51253],[-7.98452,39.51339],[-7.98423,39.51527],[-7.98186,39.51591],[-7.9816,39.51829],[-7.97865,39.52085],[-7.97894,39.52383],[-7.97555,39.52652],[-7.97647,39.52755],[-7.97637,39.52874],[-7.9724,39.53227],[-7.97222,39.53307],[-7.97288,39.53474],[-7.96954,39.53662],[-7.9693,39.53818],[-7.97075,39.53958],[-7.96975,39.54073],[-7.96944,39.54248],[-7.96558,39.54526],[-7.96832,39.54597],[-7.97001,39.54878],[-7.9691,39.54938],[-7.96754,39.54945],[-7.9668,39.55179],[-7.96482,39.55295],[-7.96409,39.55404],[-7.96197,39.55422],[-7.96092,39.55551],[-7.95985,39.556],[-7.96078,39.55704],[-7.95962,39.56105],[-7.95477,39.56509],[-7.95539,39.56438],[-7.95341,39.56449],[-7.95152,39.56323],[-7.95132,39.56262],[-7.95194,39.56198],[-7.95011,39.56081],[-7.94958,39.55958],[-7.94906,39.55939],[-7.94904,39.55798],[-7.94661,39.55802],[-7.94593,39.55863],[-7.94339,39.55685],[-7.93765,39.55634],[-7.93655,39.55497],[-7.9353,39.55489],[-7.93513,39.55415],[-7.93258,39.55312],[-7.93226,39.55227],[-7.93037,39.55171],[-7.92908,39.55231],[-7.92814,39.5519],[-7.92631,39.55234],[-7.92443,39.55158],[-7.92334,39.55181],[-7.92347,39.55063],[-7.92303,39.55002],[-7.92173,39.55105],[-7.91995,39.55088],[-7.91978,39.54962],[-7.91879,39.55051],[-7.91778,39.55022],[-7.91745,39.55096],[-7.91663,39.55128],[-7.91548,39.54836],[-7.91381,39.54844],[-7.91289,39.54924],[-7.91018,39.54819],[-7.90874,39.5461],[-7.90889,39.54496],[-7.90642,39.54226],[-7.90668,39.54134],[-7.90462,39.54105],[-7.90336,39.54033],[-7.90124,39.54035],[-7.89732,39.53691],[-7.8969,39.53722],[-7.89094,39.53487],[-7.89088,39.53449],[-7.88912,39.5342],[-7.8891,39.53381],[-7.88825,39.53397],[-7.88837,39.53277],[-7.88621,39.53406],[-7.88566,39.53346],[-7.88627,39.5327],[-7.88455,39.53253],[-7.88461,39.5321],[-7.88361,39.5318],[-7.88235,39.53057],[-7.87925,39.53074],[-7.87888,39.5306],[-7.87895,39.529],[-7.87314,39.52793],[-7.87279,39.52714],[-7.87188,39.52708],[-7.87122,39.52555],[-7.86904,39.52433],[-7.86771,39.52142],[-7.86596,39.51993],[-7.86294,39.51905],[-7.86258,39.51817],[-7.85883,39.51607],[-7.85833,39.51618],[-7.85834,39.51536],[-7.85655,39.51396],[-7.85427,39.51361],[-7.85281,39.512],[-7.85144,39.51171],[-7.8511,39.50987],[-7.85473,39.50777],[-7.86641,39.49577],[-7.86975,39.4949],[-7.87892,39.49498],[-7.88161,39.49456],[-7.88007,39.49272],[-7.88078,39.49147],[-7.88285,39.49154],[-7.88252,39.49038],[-7.88135,39.48996],[-7.88093,39.48859],[-7.87946,39.4886],[-7.8796,39.48728],[-7.87736,39.48624],[-7.87577,39.48644],[-7.87499,39.48578],[-7.87694,39.48367],[-7.87298,39.48285],[-7.87408,39.48139],[-7.87353,39.47994],[-7.8716,39.47898],[-7.87226,39.47681],[-7.86874,39.47401],[-7.8662,39.4739],[-7.86465,39.47311],[-7.8631,39.47349],[-7.8616,39.47309],[-7.85938,39.47097],[-7.85748,39.47067],[-7.85705,39.46954],[-7.85552,39.46904],[-7.85615,39.46834],[-7.85483,39.46761],[-7.85398,39.46827],[-7.85064,39.4679],[-7.84935,39.4668],[-7.84615,39.46762],[-7.84468,39.46659],[-7.8424,39.46748],[-7.84016,39.46624],[-7.83618,39.46795],[-7.83684,39.46383],[-7.8359,39.46141],[-7.83361,39.45919],[-7.83449,39.45803],[-7.83313,39.45661],[-7.83402,39.45503],[-7.83383,39.45338],[-7.8328,39.45183],[-7.83172,39.4517],[-7.82994,39.44821],[-7.82905,39.4493],[-7.82577,39.45031],[-7.82088,39.44981],[-7.81672,39.45039],[-7.81493,39.45195],[-7.81289,39.44998],[-7.808,39.44801],[-7.80955,39.44403],[-7.80912,39.44017],[-7.80751,39.43919],[-7.80076,39.43715],[-7.79532,39.43352],[-7.79487,39.43237],[-7.79316,39.43063],[-7.7891,39.42785],[-7.78814,39.42865],[-7.78685,39.42707],[-7.78579,39.42468],[-7.78027,39.42435],[-7.77913,39.42017],[-7.78181,39.41712],[-7.77961,39.41609],[-7.77104,39.41969],[-7.77235,39.42233],[-7.77006,39.42324],[-7.76833,39.42096],[-7.76599,39.41939],[-7.76548,39.41765],[-7.76354,39.41647],[-7.76044,39.41808],[-7.75712,39.41531],[-7.75529,39.41557],[-7.74777,39.41241],[-7.74545,39.41065],[-7.75148,39.40622],[-7.75448,39.40145],[-7.75632,39.40013],[-7.75735,39.39664],[-7.75976,39.3948],[-7.76007,39.39338],[-7.76215,39.39059],[-7.76325,39.38981],[-7.76349,39.38584],[-7.76238,39.38484],[-7.76282,39.38411],[-7.76159,39.38334],[-7.76143,39.38239],[-7.76364,39.3821],[-7.76536,39.38122],[-7.76889,39.3782],[-7.77005,39.37842],[-7.77116,39.37772],[-7.77203,39.37782],[-7.77257,39.37674],[-7.77388,39.37633],[-7.77669,39.37656],[-7.77996,39.37359],[-7.78265,39.37221],[-7.78498,39.37305],[-7.78728,39.37299],[-7.78931,39.37132],[-7.79181,39.37233],[-7.79552,39.37226],[-7.79653,39.3714],[-7.79744,39.36961],[-7.79968,39.36897],[-7.80637,39.36372],[-7.81286,39.36335],[-7.81387,39.36159],[-7.81519,39.36013],[-7.81682,39.35942],[-7.81947,39.35965],[-7.8198,39.35906],[-7.82518,39.35654],[-7.82791,39.35658],[-7.82874,39.35564],[-7.83113,39.35461],[-7.83419,39.35429],[-7.83553,39.35233],[-7.83878,39.3533],[-7.84168,39.35116],[-7.84517,39.35175],[-7.84784,39.35178],[-7.85048,39.35067],[-7.85115,39.34777],[-7.85547,39.34825],[-7.8582,39.34636],[-7.85969,39.34589],[-7.86169,39.34603],[-7.86326,39.34424],[-7.87408,39.34285],[-7.87551,39.34213],[-7.87653,39.34265],[-7.87733,39.34131],[-7.87989,39.34146],[-7.88337,39.34055],[-7.88706,39.34159],[-7.88815,39.34119],[-7.88843,39.34062],[-7.8923,39.33994],[-7.8954,39.33834],[-7.89507,39.33761],[-7.897,39.33588],[-7.90128,39.33406],[-7.90259,39.33459],[-7.9071,39.33879],[-7.9118,39.34062],[-7.93075,39.35181],[-7.93932,39.35576],[-7.94168,39.3555],[-7.94201,39.356],[-7.94404,39.35608],[-7.94909,39.35503],[-7.95118,39.3573],[-7.95502,39.3602],[-7.95796,39.36096],[-7.9594,39.36197],[-7.96056,39.36368],[-7.96442,39.36546],[-7.9654,39.36781],[-7.96344,39.36953],[-7.96339,39.37058],[-7.96738,39.37294],[-7.97116,39.37399],[-7.97145,39.37469],[-7.97076,39.37598],[-7.97274,39.377],[-7.97227,39.37786],[-7.97247,39.37854],[-7.97169,39.37894],[-7.97097,39.38033],[-7.96997,39.3803],[-7.96863,39.38247]]]]}},{"type":"Feature","properties":{"distrito_ilha":"Portalegre","dtmn":"1213","municipio":"Ponte de Sor"},"geometry":{"type":"MultiPolygon","coordinates":[[[[-8.15288,39.02606],[-8.15733,39.02089],[-8.16344,39.01509],[-8.16746,39.01821],[-8.17258,39.01836],[-8.17478,39.02059],[-8.18255,39.01308],[-8.18678,39.01154],[-8.19208,39.0079],[-8.19948,38.99916],[-8.20165,38.99736],[-8.20159,38.99683],[-8.20258,38.99656],[-8.20467,38.9915],[-8.2094,38.98504],[-8.21036,38.9844],[-8.21323,38.98399],[-8.21555,38.98281],[-8.21817,38.98057],[-8.21808,38.979],[-8.21865,38.9789],[-8.21891,38.97822],[-8.22046,38.98014],[-8.22088,38.98178],[-8.2232,38.98187],[-8.22791,38.98739],[-8.21927,38.99066],[-8.21933,38.99123],[-8.22065,38.99194],[-8.22013,38.99304],[-8.2212,38.99349],[-8.22084,38.99418],[-8.22128,38.9948],[-8.22104,38.9956],[-8.22279,38.99763],[-8.22486,38.99828],[-8.22447,38.99883],[-8.22612,39.00058],[-8.22616,39.00149],[-8.22699,39.00262],[-8.2269,39.00456],[-8.23004,39.00456],[-8.2316,39.00316],[-8.23373,39.00239],[-8.23463,39.00138],[-8.24055,39.00043],[-8.2414,38.99929],[-8.24481,38.99943],[-8.24827,39.00118],[-8.24842,39.00281],[-8.24997,39.00387],[-8.25017,39.00626],[-8.25289,39.00798],[-8.257,39.0118],[-8.25882,39.01118],[-8.26034,39.0123],[-8.26036,39.01311],[-8.26163,39.01458],[-8.26326,39.01864],[-8.26315,39.02163],[-8.26209,39.02387],[-8.26283,39.02546],[-8.26198,39.02687],[-8.26249,39.0287],[-8.26337,39.02944],[-8.2629,39.03178],[-8.26341,39.03308],[-8.26324,39.03473],[-8.26397,39.03542],[-8.26314,39.03644],[-8.26511,39.03868],[-8.26471,39.04062],[-8.26661,39.04241],[-8.26764,39.04682],[-8.26826,39.04739],[-8.26751,39.0506],[-8.26795,39.05257],[-8.2784,39.05223],[-8.28146,39.05044],[-8.28192,39.05116],[-8.28392,39.05218],[-8.29069,39.05875],[-8.29116,39.06155],[-8.29054,39.06248],[-8.2891,39.06855],[-8.28988,39.06912],[-8.28971,39.07101],[-8.29045,39.07266],[-8.29002,39.07442],[-8.29097,39.07871],[-8.29083,39.08043],[-8.29284,39.08062],[-8.29644,39.08314],[-8.30267,39.08302],[-8.30803,39.08416],[-8.30963,39.08586],[-8.30941,39.08659],[-8.31003,39.08924],[-8.31334,39.08999],[-8.31368,39.09069],[-8.31599,39.08988],[-8.3248,39.09203],[-8.32997,39.09428],[-8.33435,39.09492],[-8.34002,39.09816],[-8.3407,39.09927],[-8.34342,39.10029],[-8.34371,39.10138],[-8.34239,39.10187],[-8.34387,39.10436],[-8.34339,39.11003],[-8.33945,39.11185],[-8.33683,39.11193],[-8.33594,39.11293],[-8.33364,39.1139],[-8.33306,39.11511],[-8.33116,39.11681],[-8.32997,39.11991],[-8.32694,39.12311],[-8.32353,39.12462],[-8.32239,39.12667],[-8.31996,39.12912],[-8.31643,39.1383],[-8.31453,39.13962],[-8.31181,39.14324],[-8.30823,39.14597],[-8.30465,39.1475],[-8.30282,39.14928],[-8.30227,39.15058],[-8.30285,39.15448],[-8.30403,39.15554],[-8.30277,39.1566],[-8.30097,39.1573],[-8.29953,39.1593],[-8.30012,39.16024],[-8.299,39.16116],[-8.29891,39.16271],[-8.29774,39.16313],[-8.29494,39.16225],[-8.28963,39.16373],[-8.28842,39.16464],[-8.28832,39.16674],[-8.2856,39.16709],[-8.28454,39.1665],[-8.28202,39.16788],[-8.27966,39.16811],[-8.27829,39.16739],[-8.27529,39.16988],[-8.2746,39.16957],[-8.26865,39.17086],[-8.2676,39.17311],[-8.26608,39.17281],[-8.26305,39.1757],[-8.26197,39.17585],[-8.26177,39.17762],[-8.25968,39.17749],[-8.25423,39.18055],[-8.24833,39.1815],[-8.24821,39.18198],[-8.24427,39.18282],[-8.23337,39.18263],[-8.22501,39.19253],[-8.22497,39.19508],[-8.2241,39.19439],[-8.22069,39.19554],[-8.20114,39.20882],[-8.19914,39.20948],[-8.19652,39.21515],[-8.19415,39.21433],[-8.18981,39.21719],[-8.18623,39.21833],[-8.18363,39.21858],[-8.18368,39.22101],[-8.18283,39.22323],[-8.18275,39.22518],[-8.18169,39.22663],[-8.18227,39.22822],[-8.18048,39.23002],[-8.17725,39.23111],[-8.17341,39.23156],[-8.17131,39.23485],[-8.16921,39.23527],[-8.16537,39.238],[-8.16151,39.23997],[-8.1586,39.24566],[-8.15213,39.24907],[-8.15102,39.25017],[-8.15131,39.25288],[-8.15517,39.25942],[-8.15586,39.26579],[-8.15256,39.27356],[-8.14992,39.27499],[-8.14749,39.27723],[-8.14491,39.27828],[-8.14355,39.28012],[-8.13985,39.28269],[-8.13447,39.2874],[-8.1301,39.2884],[-8.12799,39.28707],[-8.12526,39.28728],[-8.12082,39.28658],[-8.11742,39.28828],[-8.1149,39.28807],[-8.11668,39.28488],[-8.11601,39.2824],[-8.11736,39.28062],[-8.11657,39.27965],[-8.11209,39.27847],[-8.11031,39.27732],[-8.10406,39.27788],[-8.10123,39.27666],[-8.0971,39.27675],[-8.0937,39.27565],[-8.08852,39.27517],[-8.08766,39.27533],[-8.08618,39.27673],[-8.08445,39.27666],[-8.08177,39.27787],[-8.0788,39.27786],[-8.07791,39.27868],[-8.07822,39.28172],[-8.07641,39.28342],[-8.07527,39.28573],[-8.07564,39.29164],[-8.07017,39.29647],[-8.06846,39.29708],[-8.06825,39.30071],[-8.067,39.30163],[-8.0645,39.30235],[-8.06253,39.30209],[-8.06166,39.30268],[-8.05911,39.30668],[-8.05877,39.30842],[-8.05659,39.31036],[-8.05147,39.31074],[-8.04985,39.31197],[-8.04912,39.3174],[-8.04754,39.32005],[-8.04517,39.32194],[-8.04297,39.32253],[-8.04201,39.32426],[-8.04217,39.32763],[-8.0412,39.33054],[-8.03837,39.33228],[-8.03651,39.33406],[-8.03226,39.3355],[-8.0279,39.33966],[-8.02645,39.34158],[-8.0266,39.34377],[-8.02856,39.34549],[-8.0284,39.34798],[-8.02745,39.34954],[-8.0296,39.35656],[-8.02948,39.3604],[-8.03099,39.36366],[-8.0292,39.36415],[-8.02816,39.36312],[-8.02422,39.36517],[-8.02232,39.36542],[-8.02073,39.36442],[-8.01925,39.36557],[-8.01561,39.36598],[-8.0148,39.3669],[-8.01325,39.36639],[-8.01274,39.36685],[-8.00777,39.36706],[-8.00737,39.36602],[-8.00579,39.36616],[-8.00117,39.36789],[-7.99924,39.36978],[-8.00036,39.37156],[-7.99886,39.37507],[-7.99772,39.37517],[-7.99337,39.37856],[-7.9911,39.38263],[-7.98978,39.38309],[-7.98779,39.38225],[-7.98703,39.3833],[-7.98454,39.38461],[-7.98197,39.38455],[-7.98101,39.38411],[-7.98116,39.38326],[-7.98005,39.38298],[-7.97717,39.38359],[-7.97474,39.38341],[-7.97432,39.38416],[-7.97288,39.38375],[-7.97294,39.38321],[-7.96868,39.38231],[-7.96997,39.3803],[-7.97097,39.38033],[-7.97169,39.37894],[-7.97247,39.37854],[-7.97227,39.37786],[-7.97271,39.37695],[-7.97076,39.37598],[-7.97145,39.37469],[-7.97103,39.37391],[-7.96738,39.37294],[-7.96348,39.3708],[-7.96344,39.36953],[-7.9654,39.36781],[-7.96442,39.36546],[-7.96056,39.36368],[-7.95917,39.3618],[-7.95777,39.36088],[-7.95502,39.3602],[-7.95118,39.3573],[-7.94897,39.35499],[-7.9427,39.3561],[-7.94168,39.3555],[-7.93932,39.35576],[-7.93075,39.35181],[-7.9118,39.34062],[-7.9071,39.33879],[-7.90259,39.33459],[-7.89732,39.33342],[-7.89627,39.33141],[-7.89467,39.33059],[-7.89396,39.33091],[-7.89257,39.32985],[-7.892,39.32817],[-7.89033,39.32702],[-7.89015,39.32607],[-7.88846,39.32587],[-7.88636,39.32652],[-7.88328,39.3288],[-7.88132,39.32854],[-7.8809,39.33028],[-7.87973,39.33213],[-7.8768,39.33249],[-7.87401,39.33167],[-7.86195,39.33307],[-7.85438,39.33295],[-7.8522,39.33177],[-7.84619,39.33076],[-7.84315,39.32971],[-7.84077,39.32962],[-7.8401,39.32903],[-7.83669,39.32956],[-7.83547,39.32919],[-7.83385,39.32788],[-7.83103,39.32865],[-7.82922,39.32973],[-7.82762,39.32984],[-7.82455,39.32812],[-7.82473,39.32395],[-7.82547,39.32298],[-7.82486,39.32242],[-7.82532,39.31981],[-7.82849,39.31538],[-7.8288,39.31073],[-7.82787,39.30767],[-7.82833,39.30193],[-7.83006,39.29605],[-7.83389,39.29371],[-7.83529,39.29344],[-7.83739,39.2916],[-7.8419,39.29077],[-7.8447,39.28819],[-7.84953,39.28802],[-7.85172,39.28552],[-7.85394,39.28491],[-7.85777,39.28275],[-7.86196,39.28302],[-7.86243,39.28213],[-7.86392,39.282],[-7.86898,39.279],[-7.87271,39.27931],[-7.87438,39.28032],[-7.87602,39.27924],[-7.8747,39.27479],[-7.87352,39.27303],[-7.86912,39.27029],[-7.86726,39.26784],[-7.86788,39.26483],[-7.86683,39.25547],[-7.86583,39.25329],[-7.86785,39.24868],[-7.87013,39.24637],[-7.87303,39.24198],[-7.87561,39.24077],[-7.87745,39.23876],[-7.87783,39.23631],[-7.87875,39.23546],[-7.86869,39.2299],[-7.86575,39.22918],[-7.86086,39.2304],[-7.85811,39.22985],[-7.85654,39.23046],[-7.84997,39.23101],[-7.84351,39.23041],[-7.84055,39.22976],[-7.84421,39.22706],[-7.84525,39.22697],[-7.84647,39.22611],[-7.84645,39.22562],[-7.85106,39.22252],[-7.85358,39.22192],[-7.8553,39.22092],[-7.85506,39.21934],[-7.85586,39.21743],[-7.85506,39.21353],[-7.86402,39.21386],[-7.865,39.2124],[-7.86679,39.21122],[-7.86686,39.21031],[-7.87175,39.21015],[-7.87468,39.21255],[-7.87796,39.21291],[-7.88137,39.21491],[-7.88259,39.2166],[-7.8854,39.21721],[-7.88832,39.21862],[-7.89056,39.21838],[-7.89097,39.21782],[-7.89075,39.21389],[-7.89191,39.21153],[-7.89243,39.20643],[-7.88952,39.20013],[-7.88903,39.19694],[-7.90844,39.19828],[-7.91148,39.19983],[-7.91386,39.20192],[-7.91677,39.20277],[-7.92149,39.2016],[-7.92239,39.20089],[-7.91834,39.19818],[-7.91804,39.19619],[-7.91703,39.19478],[-7.92106,39.19293],[-7.92457,39.19242],[-7.92758,39.19286],[-7.92928,39.19245],[-7.93238,39.19268],[-7.9351,39.19142],[-7.93672,39.18845],[-7.93928,39.18721],[-7.93985,39.18563],[-7.9398,39.18402],[-7.94329,39.181],[-7.94956,39.17717],[-7.94683,39.17174],[-7.95677,39.15937],[-7.96144,39.15256],[-7.9626,39.14538],[-7.96142,39.14278],[-7.95363,39.13773],[-7.95429,39.13426],[-7.95194,39.12984],[-7.95342,39.12827],[-7.95514,39.12482],[-7.95892,39.1224],[-7.96578,39.11996],[-7.96913,39.11983],[-7.96923,39.12439],[-7.97643,39.12509],[-7.9743,39.11967],[-7.97783,39.11561],[-7.97927,39.11486],[-7.9844,39.11713],[-7.98986,39.11881],[-7.99013,39.12005],[-7.98927,39.12149],[-7.99508,39.12451],[-7.99986,39.12618],[-8.00249,39.12334],[-8.00449,39.12324],[-8.00484,39.12151],[-8.00752,39.11904],[-8.00875,39.11651],[-8.0248,39.11676],[-8.0264,39.1175],[-8.03951,39.11755],[-8.03959,39.11918],[-8.04038,39.12015],[-8.04436,39.12188],[-8.04835,39.1218],[-8.04959,39.12244],[-8.05243,39.12064],[-8.05338,39.1191],[-8.05329,39.11451],[-8.06204,39.11464],[-8.06586,39.1139],[-8.06873,39.11066],[-8.06966,39.10772],[-8.07207,39.1029],[-8.07222,39.1007],[-8.07356,39.10206],[-8.07644,39.09889],[-8.07621,39.09803],[-8.08708,39.08864],[-8.08872,39.08841],[-8.08987,39.0864],[-8.09084,39.08597],[-8.092,39.08306],[-8.09508,39.08013],[-8.09504,39.07764],[-8.09837,39.07506],[-8.09979,39.06914],[-8.10213,39.06516],[-8.1041,39.06026],[-8.1065,39.05912],[-8.10858,39.05737],[-8.11259,39.05626],[-8.11426,39.05381],[-8.11786,39.05018],[-8.12345,39.04854],[-8.12189,39.04565],[-8.12961,39.03988],[-8.1317,39.03565],[-8.1329,39.03486],[-8.13313,39.03404],[-8.13605,39.03087],[-8.1385,39.03053],[-8.14218,39.03196],[-8.1447,39.03197],[-8.15039,39.02732],[-8.15143,39.0275],[-8.15288,39.02606]]]]}},{"type":"Feature","properties":{"distrito_ilha":"Santarém","dtmn":"1401","municipio":"Abrantes"},"geometry":{"type":"MultiPolygon","coordinates":[[[[-8.24103,39.37263],[-8.24108,39.37792],[-8.24213,39.37938],[-8.24515,39.38111],[-8.24564,39.38196],[-8.24541,39.38578],[-8.2435,39.38662],[-8.24568,39.38976],[-8.24512,39.39094],[-8.24552,39.39283],[-8.24671,39.39444],[-8.25053,39.39512],[-8.25435,39.397],[-8.25721,39.40232],[-8.25789,39.40317],[-8.25887,39.40347],[-8.26064,39.406],[-8.2605,39.41016],[-8.26156,39.41096],[-8.26164,39.41211],[-8.26474,39.41467],[-8.26631,39.41788],[-8.26581,39.41923],[-8.26669,39.42087],[-8.26784,39.42163],[-8.26764,39.42494],[-8.27088,39.42975],[-8.27435,39.4326],[-8.27573,39.43782],[-8.27684,39.43944],[-8.27941,39.4387],[-8.28075,39.43961],[-8.27996,39.44085],[-8.28003,39.44282],[-8.28137,39.44556],[-8.28397,39.45482],[-8.28989,39.45706],[-8.29149,39.45823],[-8.29506,39.45926],[-8.29784,39.46156],[-8.29715,39.46302],[-8.29449,39.4624],[-8.28667,39.463],[-8.28186,39.46415],[-8.27246,39.47095],[-8.27318,39.47155],[-8.27442,39.48061],[-8.2753,39.4805],[-8.27768,39.48867],[-8.28137,39.49684],[-8.28272,39.50109],[-8.2822,39.50184],[-8.28428,39.50268],[-8.28483,39.50413],[-8.28726,39.50563],[-8.2915,39.50323],[-8.29426,39.507],[-8.29589,39.50627],[-8.29808,39.50397],[-8.2984,39.50417],[-8.3001,39.50296],[-8.30158,39.50342],[-8.30489,39.50284],[-8.31069,39.50062],[-8.31104,39.50121],[-8.31195,39.50096],[-8.31309,39.5015],[-8.31581,39.50082],[-8.31683,39.50257],[-8.31836,39.50259],[-8.31924,39.50344],[-8.32184,39.50392],[-8.32648,39.50278],[-8.32876,39.50296],[-8.32983,39.5035],[-8.32716,39.50709],[-8.3274,39.51238],[-8.33083,39.51216],[-8.33515,39.51079],[-8.33781,39.51208],[-8.34093,39.51484],[-8.34698,39.51676],[-8.35427,39.5177],[-8.35548,39.51897],[-8.35557,39.5202],[-8.35321,39.52286],[-8.35133,39.52612],[-8.34633,39.52904],[-8.34283,39.5325],[-8.33347,39.53585],[-8.32592,39.54014],[-8.31414,39.54459],[-8.30456,39.5453],[-8.30122,39.54633],[-8.29704,39.54965],[-8.29741,39.55248],[-8.29581,39.55509],[-8.29506,39.56034],[-8.28528,39.56515],[-8.27831,39.57038],[-8.27513,39.57229],[-8.27195,39.57277],[-8.26592,39.57164],[-8.26269,39.572],[-8.26157,39.57444],[-8.25698,39.57813],[-8.2555,39.58098],[-8.25602,39.58363],[-8.25542,39.5854],[-8.24709,39.59127],[-8.24494,39.59203],[-8.24162,39.5926],[-8.24099,39.59422],[-8.24213,39.59684],[-8.24848,39.60077],[-8.25099,39.60133],[-8.26022,39.6017],[-8.26324,39.60228],[-8.26675,39.60388],[-8.26769,39.60532],[-8.26706,39.60695],[-8.26251,39.60877],[-8.26119,39.61095],[-8.26103,39.61405],[-8.25968,39.61577],[-8.25512,39.61766],[-8.25365,39.61972],[-8.25395,39.62126],[-8.25536,39.62309],[-8.2545,39.62619],[-8.2495,39.62913],[-8.24834,39.63057],[-8.24742,39.63505],[-8.24816,39.63749],[-8.24782,39.64014],[-8.24599,39.64249],[-8.24417,39.64343],[-8.24207,39.64321],[-8.23946,39.64138],[-8.23779,39.64115],[-8.23599,39.64304],[-8.23563,39.64456],[-8.23397,39.6461],[-8.23193,39.64645],[-8.22619,39.64471],[-8.22149,39.64169],[-8.22007,39.63757],[-8.21859,39.63659],[-8.21568,39.6364],[-8.21186,39.63709],[-8.20839,39.63713],[-8.19958,39.63548],[-8.19595,39.63347],[-8.1899,39.63323],[-8.1807,39.62946],[-8.17461,39.62455],[-8.16894,39.62499],[-8.16635,39.62653],[-8.16387,39.62655],[-8.16536,39.62395],[-8.16778,39.6219],[-8.16797,39.62035],[-8.16942,39.61956],[-8.17018,39.61971],[-8.17166,39.61796],[-8.17233,39.61382],[-8.17658,39.60748],[-8.17612,39.6057],[-8.17379,39.60287],[-8.17295,39.60018],[-8.17178,39.59874],[-8.17212,39.59265],[-8.17417,39.59078],[-8.17843,39.58929],[-8.18025,39.58621],[-8.18483,39.58315],[-8.18603,39.57987],[-8.18706,39.57879],[-8.18907,39.57301],[-8.18845,39.57233],[-8.18866,39.56858],[-8.1881,39.56707],[-8.1899,39.56682],[-8.19016,39.56597],[-8.19156,39.56561],[-8.19143,39.5653],[-8.19242,39.56465],[-8.19157,39.56447],[-8.19463,39.56215],[-8.1952,39.55816],[-8.19182,39.55668],[-8.19163,39.55317],[-8.18998,39.55038],[-8.18981,39.54855],[-8.19156,39.54573],[-8.19319,39.54487],[-8.1943,39.54258],[-8.1929,39.53902],[-8.19358,39.53753],[-8.19189,39.5346],[-8.18986,39.53537],[-8.18767,39.5343],[-8.1869,39.53543],[-8.18123,39.53541],[-8.18335,39.53122],[-8.18426,39.53066],[-8.1844,39.52889],[-8.18531,39.52848],[-8.18593,39.52735],[-8.18612,39.52504],[-8.18544,39.52297],[-8.1783,39.52171],[-8.17634,39.51918],[-8.17489,39.51869],[-8.17317,39.51624],[-8.17169,39.51609],[-8.16999,39.51525],[-8.16084,39.51547],[-8.15982,39.5117],[-8.15724,39.50759],[-8.15364,39.50429],[-8.14418,39.50515],[-8.14437,39.50418],[-8.1425,39.50333],[-8.13923,39.50071],[-8.13545,39.5001],[-8.13211,39.49742],[-8.13027,39.49746],[-8.12831,39.50006],[-8.12662,39.50082],[-8.12519,39.50329],[-8.1236,39.50428],[-8.12238,39.5061],[-8.11659,39.50774],[-8.11465,39.50782],[-8.11316,39.50893],[-8.11367,39.51193],[-8.11679,39.51357],[-8.11781,39.5159],[-8.11559,39.51575],[-8.11577,39.51715],[-8.11694,39.51759],[-8.11709,39.5181],[-8.11623,39.5187],[-8.11416,39.51831],[-8.11356,39.51898],[-8.1147,39.52009],[-8.11494,39.52144],[-8.1145,39.52316],[-8.11521,39.52416],[-8.11304,39.52463],[-8.11404,39.52882],[-8.11064,39.52711],[-8.11016,39.52769],[-8.11109,39.52822],[-8.11086,39.52871],[-8.1101,39.52823],[-8.10964,39.52866],[-8.11045,39.53004],[-8.10834,39.53001],[-8.1093,39.53159],[-8.11176,39.53327],[-8.11041,39.53384],[-8.10993,39.53464],[-8.11511,39.53706],[-8.11561,39.53602],[-8.11747,39.53708],[-8.11625,39.53774],[-8.11426,39.5404],[-8.11261,39.53856],[-8.10581,39.53642],[-8.10251,39.53617],[-8.10034,39.53656],[-8.08961,39.53547],[-8.08618,39.54085],[-8.08695,39.5414],[-8.0862,39.5422],[-8.08647,39.54321],[-8.08516,39.54421],[-8.08542,39.54526],[-8.08466,39.54562],[-8.08289,39.54439],[-8.08333,39.54406],[-8.08135,39.54247],[-8.08152,39.54152],[-8.08066,39.5416],[-8.07789,39.54012],[-8.07804,39.53947],[-8.07679,39.53689],[-8.07415,39.53628],[-8.07433,39.53504],[-8.07128,39.53415],[-8.06955,39.53301],[-8.06628,39.52927],[-8.06548,39.52728],[-8.06145,39.52453],[-8.06154,39.52247],[-8.06065,39.52107],[-8.06055,39.51968],[-8.06134,39.51786],[-8.06375,39.51569],[-8.06424,39.5106],[-8.0659,39.50642],[-8.06464,39.50453],[-8.06099,39.50309],[-8.06019,39.50157],[-8.06108,39.49977],[-8.05967,39.49817],[-8.05984,39.49737],[-8.061,39.49697],[-8.06145,39.49564],[-8.06011,39.49407],[-8.06042,39.49336],[-8.06191,39.49393],[-8.06368,39.49341],[-8.06179,39.49097],[-8.06354,39.48753],[-8.06129,39.48595],[-8.06386,39.4834],[-8.06339,39.48205],[-8.06524,39.48055],[-8.06422,39.48008],[-8.06432,39.47808],[-8.06362,39.47717],[-8.06458,39.4765],[-8.06429,39.47464],[-8.0652,39.47226],[-8.06459,39.47137],[-8.06216,39.47204],[-8.05157,39.47073],[-8.04805,39.46954],[-8.04236,39.46957],[-8.03688,39.47067],[-8.03487,39.47159],[-8.03165,39.47186],[-8.02796,39.47437],[-8.02536,39.47831],[-8.02336,39.47938],[-8.02078,39.47887],[-8.01144,39.47243],[-8.01068,39.47226],[-8.00888,39.47317],[-8.00695,39.46816],[-8.00685,39.46609],[-8.00608,39.46378],[-8.0063,39.46181],[-8.00155,39.45667],[-7.99913,39.45562],[-7.99681,39.45296],[-7.99544,39.44826],[-7.99424,39.44832],[-7.99348,39.44755],[-7.9919,39.44714],[-7.98994,39.44481],[-7.98691,39.44409],[-7.98662,39.44491],[-7.98473,39.44502],[-7.98429,39.44423],[-7.9825,39.4436],[-7.98207,39.44255],[-7.9791,39.44051],[-7.97746,39.44083],[-7.97583,39.44051],[-7.97653,39.43871],[-7.9757,39.43802],[-7.97456,39.43565],[-7.97319,39.43537],[-7.97059,39.43656],[-7.96897,39.43645],[-7.96965,39.43461],[-7.96911,39.43191],[-7.96451,39.4308],[-7.96463,39.42804],[-7.9624,39.42781],[-7.95868,39.4289],[-7.95573,39.42749],[-7.95601,39.42577],[-7.9545,39.42513],[-7.95395,39.42546],[-7.95282,39.42448],[-7.94746,39.42448],[-7.94548,39.42265],[-7.94544,39.42081],[-7.94488,39.42034],[-7.94317,39.42023],[-7.94192,39.41822],[-7.9428,39.41688],[-7.93946,39.40995],[-7.94285,39.40687],[-7.94654,39.40535],[-7.94902,39.40019],[-7.95851,39.39757],[-7.95852,39.39397],[-7.95961,39.39075],[-7.96308,39.39006],[-7.96424,39.38936],[-7.9641,39.38852],[-7.96652,39.38719],[-7.96598,39.38559],[-7.96834,39.38325],[-7.96868,39.38231],[-7.97182,39.38279],[-7.97294,39.38321],[-7.97288,39.38375],[-7.97432,39.38416],[-7.97474,39.38341],[-7.97717,39.38359],[-7.98022,39.383],[-7.98116,39.38326],[-7.98098,39.38403],[-7.98234,39.38463],[-7.98454,39.38461],[-7.98703,39.3833],[-7.98779,39.38225],[-7.98978,39.38309],[-7.9911,39.38263],[-7.99337,39.37856],[-7.99772,39.37517],[-7.99886,39.37507],[-8.00036,39.37156],[-7.99924,39.36978],[-8.00117,39.36789],[-8.00592,39.36614],[-8.00737,39.36602],[-8.00777,39.36706],[-8.01274,39.36685],[-8.01325,39.36639],[-8.0148,39.3669],[-8.01561,39.36598],[-8.01925,39.36557],[-8.02108,39.36439],[-8.02263,39.3654],[-8.02422,39.36517],[-8.02816,39.36312],[-8.0292,39.36415],[-8.03099,39.36366],[-8.02948,39.3604],[-8.0296,39.35656],[-8.02745,39.34954],[-8.0284,39.34798],[-8.02856,39.34549],[-8.0266,39.34377],[-8.02645,39.34158],[-8.03226,39.3355],[-8.03651,39.33406],[-8.04147,39.3301],[-8.04217,39.32763],[-8.04201,39.32426],[-8.04297,39.32253],[-8.04531,39.32187],[-8.0478,39.31979],[-8.04912,39.3174],[-8.05011,39.31157],[-8.05138,39.31076],[-8.05538,39.31066],[-8.05717,39.31009],[-8.05877,39.30842],[-8.05911,39.30668],[-8.06203,39.30232],[-8.06465,39.30232],[-8.06814,39.30082],[-8.06859,39.29985],[-8.06846,39.29708],[-8.07017,39.29647],[-8.07564,39.29164],[-8.07527,39.28567],[-8.07641,39.28342],[-8.07822,39.28172],[-8.07791,39.27868],[-8.0788,39.27786],[-8.08156,39.2779],[-8.08445,39.27666],[-8.08618,39.27673],[-8.08766,39.27533],[-8.0937,39.27565],[-8.0971,39.27675],[-8.10123,39.27666],[-8.10406,39.27788],[-8.11031,39.27732],[-8.11209,39.27847],[-8.11636,39.27957],[-8.11736,39.28058],[-8.11605,39.28219],[-8.11668,39.28488],[-8.1149,39.28807],[-8.11742,39.28828],[-8.12094,39.28657],[-8.12526,39.28728],[-8.12799,39.28707],[-8.1301,39.2884],[-8.13447,39.2874],[-8.13985,39.28269],[-8.14376,39.27994],[-8.14506,39.27816],[-8.14685,39.27764],[-8.15312,39.27285],[-8.15589,39.26557],[-8.1552,39.26242],[-8.15521,39.25954],[-8.15131,39.25288],[-8.15092,39.25085],[-8.15116,39.24981],[-8.1586,39.24566],[-8.16161,39.23987],[-8.16537,39.238],[-8.16904,39.23536],[-8.17131,39.23485],[-8.17268,39.23338],[-8.18738,39.24875],[-8.19119,39.24779],[-8.1924,39.24694],[-8.19427,39.24691],[-8.19562,39.24612],[-8.20189,39.24968],[-8.20332,39.25006],[-8.20611,39.24959],[-8.20823,39.25069],[-8.21067,39.25396],[-8.21454,39.25464],[-8.21721,39.25293],[-8.22347,39.25709],[-8.22835,39.26107],[-8.23282,39.26312],[-8.2431,39.27204],[-8.24393,39.27685],[-8.24651,39.28173],[-8.24962,39.28988],[-8.24907,39.29048],[-8.24884,39.29252],[-8.25095,39.29096],[-8.25361,39.29171],[-8.2615,39.29216],[-8.2638,39.29896],[-8.26365,39.30301],[-8.26439,39.30396],[-8.26437,39.30557],[-8.26709,39.31032],[-8.26775,39.31295],[-8.26985,39.3146],[-8.27085,39.31602],[-8.27367,39.31743],[-8.27667,39.32038],[-8.27735,39.32193],[-8.27675,39.32585],[-8.27996,39.3277],[-8.2822,39.33083],[-8.28296,39.33507],[-8.28231,39.33914],[-8.27613,39.33732],[-8.25533,39.34374],[-8.24851,39.34677],[-8.24103,39.37263]]]]}},{"type":"Feature","properties":{"distrito_ilha":"Santarém","dtmn":"1402","municipio":"Alcanena"},"geometry":{"type":"MultiPolygon","coordinates":[[[[-8.69731,39.3994],[-8.70007,39.40221],[-8.70194,39.4031],[-8.70288,39.40473],[-8.70644,39.40701],[-8.70726,39.40829],[-8.71149,39.41059],[-8.71246,39.41159],[-8.71284,39.4126],[-8.71481,39.41328],[-8.71654,39.41488],[-8.71799,39.41546],[-8.71849,39.41642],[-8.71955,39.41601],[-8.71938,39.41509],[-8.72022,39.41384],[-8.7216,39.41329],[-8.72087,39.41248],[-8.72223,39.41229],[-8.72196,39.41052],[-8.7226,39.4086],[-8.72842,39.40839],[-8.7305,39.40791],[-8.73327,39.40583],[-8.73351,39.40519],[-8.73444,39.40525],[-8.73668,39.40308],[-8.73646,39.40276],[-8.73795,39.4014],[-8.7383,39.40029],[-8.74106,39.40137],[-8.74302,39.4013],[-8.74445,39.40085],[-8.7447,39.40037],[-8.7511,39.39881],[-8.7569,39.39917],[-8.75999,39.40063],[-8.76213,39.40381],[-8.76392,39.40504],[-8.76388,39.40608],[-8.7617,39.40704],[-8.75963,39.40979],[-8.75902,39.41341],[-8.75774,39.41412],[-8.75679,39.41401],[-8.75667,39.41476],[-8.75713,39.41527],[-8.75615,39.41537],[-8.75564,39.41613],[-8.75625,39.41702],[-8.75559,39.41763],[-8.75584,39.41863],[-8.75675,39.41911],[-8.75585,39.4203],[-8.75693,39.42105],[-8.75728,39.42251],[-8.75791,39.423],[-8.75423,39.4237],[-8.75288,39.42429],[-8.75154,39.42343],[-8.75133,39.42264],[-8.74839,39.42469],[-8.74744,39.42595],[-8.74775,39.4267],[-8.74695,39.42644],[-8.74675,39.42696],[-8.74827,39.4277],[-8.74674,39.42714],[-8.74638,39.42829],[-8.74412,39.43058],[-8.7429,39.43335],[-8.74311,39.43407],[-8.7422,39.43473],[-8.74093,39.43375],[-8.74145,39.43294],[-8.73867,39.43055],[-8.73555,39.43002],[-8.73516,39.42953],[-8.73414,39.42962],[-8.73409,39.43054],[-8.73269,39.42917],[-8.7305,39.43059],[-8.72928,39.43022],[-8.7279,39.43182],[-8.72652,39.43201],[-8.72648,39.43125],[-8.72414,39.43164],[-8.7219,39.43284],[-8.72142,39.43425],[-8.71865,39.43504],[-8.7181,39.43615],[-8.71579,39.43786],[-8.7162,39.43939],[-8.71486,39.44166],[-8.71515,39.44204],[-8.71674,39.44167],[-8.71658,39.44287],[-8.71547,39.4423],[-8.71557,39.44314],[-8.71659,39.44363],[-8.71613,39.44399],[-8.71715,39.44486],[-8.71727,39.44606],[-8.71798,39.44584],[-8.71813,39.44638],[-8.71886,39.44655],[-8.71867,39.44874],[-8.72071,39.44937],[-8.72015,39.45052],[-8.72048,39.45126],[-8.72288,39.45253],[-8.72507,39.45433],[-8.72821,39.45336],[-8.73013,39.45422],[-8.73063,39.45373],[-8.73257,39.45682],[-8.73223,39.45706],[-8.73395,39.4577],[-8.73433,39.46002],[-8.73509,39.46083],[-8.73473,39.46184],[-8.74432,39.4618],[-8.74563,39.46064],[-8.74899,39.45903],[-8.75129,39.46062],[-8.75202,39.46299],[-8.75376,39.46311],[-8.75466,39.46454],[-8.75467,39.46707],[-8.75568,39.46959],[-8.75517,39.47076],[-8.75724,39.47191],[-8.75715,39.47303],[-8.75894,39.47387],[-8.75989,39.4753],[-8.75945,39.47574],[-8.75836,39.4757],[-8.75751,39.47685],[-8.75538,39.47675],[-8.75503,39.47632],[-8.75217,39.47793],[-8.75095,39.47809],[-8.74774,39.48017],[-8.74552,39.47864],[-8.74499,39.47898],[-8.74395,39.47795],[-8.74257,39.47854],[-8.74181,39.47783],[-8.74065,39.47796],[-8.74082,39.47904],[-8.74022,39.47943],[-8.74036,39.47989],[-8.73797,39.4807],[-8.73716,39.48031],[-8.7359,39.48051],[-8.7358,39.47936],[-8.73156,39.47982],[-8.73011,39.48077],[-8.72933,39.48002],[-8.72893,39.48106],[-8.72966,39.48182],[-8.73101,39.48187],[-8.73138,39.48242],[-8.73043,39.483],[-8.73057,39.48404],[-8.73243,39.48422],[-8.73223,39.48516],[-8.73269,39.48564],[-8.73152,39.48648],[-8.73211,39.48849],[-8.73278,39.4885],[-8.7332,39.48771],[-8.7337,39.4885],[-8.73253,39.49004],[-8.73406,39.49094],[-8.73334,39.49217],[-8.73468,39.49254],[-8.73487,39.49582],[-8.73375,39.49634],[-8.73522,39.49781],[-8.73491,39.49829],[-8.73386,39.49839],[-8.73415,39.49922],[-8.73258,39.4985],[-8.7322,39.49907],[-8.73305,39.49939],[-8.73284,39.49984],[-8.7345,39.49968],[-8.73652,39.50023],[-8.73691,39.50143],[-8.73958,39.50404],[-8.74092,39.50733],[-8.7429,39.50898],[-8.74346,39.5101],[-8.74358,39.51219],[-8.74398,39.51245],[-8.74333,39.51412],[-8.74391,39.51467],[-8.7445,39.517],[-8.74423,39.51925],[-8.74573,39.5213],[-8.74473,39.52367],[-8.74653,39.52485],[-8.74684,39.52712],[-8.74615,39.52808],[-8.74655,39.529],[-8.74521,39.53044],[-8.74291,39.53063],[-8.74323,39.53103],[-8.74282,39.5317],[-8.74204,39.53183],[-8.74178,39.53408],[-8.74002,39.53391],[-8.7398,39.53512],[-8.73904,39.53518],[-8.73754,39.53695],[-8.73363,39.53617],[-8.7328,39.53352],[-8.73083,39.5325],[-8.72817,39.52978],[-8.72594,39.52897],[-8.71448,39.52078],[-8.71047,39.52424],[-8.70805,39.52733],[-8.70542,39.52957],[-8.70369,39.52861],[-8.70167,39.52961],[-8.70029,39.52966],[-8.70023,39.53091],[-8.69835,39.53173],[-8.69786,39.53281],[-8.69712,39.53299],[-8.69517,39.53235],[-8.69287,39.53978],[-8.692,39.54104],[-8.69008,39.54214],[-8.68967,39.54424],[-8.69,39.54726],[-8.68764,39.55069],[-8.67614,39.55914],[-8.67184,39.56152],[-8.67142,39.56218],[-8.67018,39.56231],[-8.66922,39.56135],[-8.66924,39.56041],[-8.66773,39.56024],[-8.66715,39.55856],[-8.66607,39.55791],[-8.66369,39.55862],[-8.66139,39.55714],[-8.66178,39.55576],[-8.66113,39.5549],[-8.6616,39.5547],[-8.66083,39.55421],[-8.65928,39.55158],[-8.65735,39.55043],[-8.65793,39.54996],[-8.65612,39.54953],[-8.6556,39.54785],[-8.65489,39.54752],[-8.65481,39.548],[-8.65081,39.54614],[-8.64859,39.54396],[-8.63665,39.53582],[-8.66021,39.52023],[-8.67158,39.51142],[-8.67332,39.50884],[-8.66953,39.50646],[-8.66792,39.5048],[-8.66788,39.50417],[-8.66593,39.50432],[-8.66257,39.50303],[-8.6596,39.50346],[-8.65789,39.50212],[-8.65712,39.50223],[-8.6562,39.50078],[-8.65446,39.50035],[-8.65358,39.50071],[-8.65029,39.49888],[-8.65024,39.49834],[-8.64856,39.49762],[-8.64744,39.49771],[-8.64257,39.49437],[-8.63745,39.49418],[-8.63728,39.49258],[-8.6359,39.49061],[-8.63591,39.48864],[-8.63471,39.48657],[-8.63492,39.48548],[-8.63437,39.4844],[-8.63565,39.48027],[-8.63328,39.47841],[-8.63077,39.47863],[-8.63007,39.47695],[-8.62891,39.4765],[-8.62812,39.47531],[-8.62729,39.4753],[-8.62553,39.47158],[-8.62297,39.47098],[-8.62182,39.47128],[-8.62166,39.4721],[-8.6202,39.47108],[-8.61946,39.46928],[-8.61685,39.46827],[-8.61889,39.46592],[-8.61959,39.46444],[-8.61918,39.46359],[-8.62266,39.46268],[-8.62431,39.46162],[-8.62387,39.46123],[-8.62563,39.46074],[-8.62683,39.45967],[-8.62594,39.45861],[-8.62976,39.4582],[-8.63108,39.45721],[-8.62731,39.45077],[-8.62658,39.45079],[-8.62874,39.44711],[-8.62813,39.44596],[-8.62811,39.44336],[-8.62694,39.43961],[-8.62498,39.43925],[-8.62384,39.43715],[-8.62522,39.43655],[-8.62475,39.43589],[-8.62602,39.43569],[-8.62552,39.43455],[-8.62584,39.43372],[-8.62868,39.43489],[-8.62789,39.43406],[-8.6277,39.43229],[-8.62918,39.43208],[-8.62893,39.43149],[-8.63139,39.43135],[-8.63269,39.43012],[-8.63547,39.42163],[-8.63455,39.42137],[-8.63479,39.41947],[-8.63566,39.41857],[-8.63696,39.41854],[-8.64071,39.42103],[-8.6471,39.4229],[-8.64939,39.42051],[-8.65029,39.42047],[-8.65076,39.41995],[-8.65199,39.41987],[-8.65234,39.42032],[-8.65323,39.41909],[-8.65279,39.41662],[-8.65454,39.41545],[-8.6565,39.41607],[-8.65748,39.41477],[-8.65781,39.41303],[-8.65674,39.41098],[-8.65931,39.40939],[-8.66179,39.41011],[-8.6644,39.40965],[-8.66517,39.41009],[-8.66577,39.41149],[-8.66698,39.41161],[-8.66957,39.41437],[-8.67085,39.41407],[-8.67424,39.41583],[-8.67648,39.41609],[-8.6771,39.41278],[-8.67813,39.41143],[-8.68056,39.41041],[-8.68363,39.41222],[-8.68629,39.41144],[-8.68747,39.41171],[-8.68722,39.4106],[-8.68925,39.40988],[-8.6887,39.40939],[-8.6914,39.40716],[-8.69012,39.40675],[-8.69149,39.40578],[-8.69219,39.40485],[-8.69457,39.40648],[-8.695,39.40624],[-8.69407,39.40536],[-8.69449,39.40498],[-8.69318,39.40384],[-8.69424,39.40263],[-8.69372,39.40231],[-8.69464,39.40194],[-8.69473,39.3995],[-8.69662,39.39909],[-8.69731,39.3994]]]]}},{"type":"Feature","properties":{"distrito_ilha":"Santarém","dtmn":"1404","municipio":"Alpiarça"},"geometry":{"type":"MultiPolygon","coordinates":[[[[-8.58304,39.30299],[-8.58075,39.30549],[-8.57834,39.30297],[-8.57653,39.30298],[-8.57181,39.3048],[-8.56496,39.30425],[-8.55976,39.30604],[-8.5579,39.30616],[-8.55734,39.30388],[-8.56071,39.30036],[-8.55875,39.29885],[-8.55573,39.29529],[-8.553,39.29321],[-8.55212,39.28807],[-8.5505,39.28755],[-8.54973,39.28646],[-8.54588,39.28351],[-8.54471,39.27755],[-8.54604,39.27412],[-8.54482,39.27118],[-8.54597,39.26882],[-8.5451,39.26727],[-8.54548,39.26694],[-8.54444,39.26499],[-8.54428,39.26319],[-8.54339,39.26316],[-8.54327,39.26215],[-8.54374,39.26134],[-8.54164,39.25901],[-8.53413,39.25572],[-8.53481,39.25507],[-8.53546,39.25528],[-8.53643,39.25369],[-8.52342,39.24461],[-8.52195,39.24426],[-8.52119,39.24322],[-8.51938,39.24259],[-8.51803,39.24149],[-8.51334,39.24084],[-8.51063,39.24103],[-8.50936,39.23988],[-8.50771,39.24042],[-8.50691,39.24186],[-8.50328,39.23981],[-8.50251,39.24003],[-8.50194,39.24199],[-8.50012,39.24208],[-8.49853,39.2407],[-8.49271,39.23892],[-8.49851,39.23679],[-8.50226,39.23432],[-8.50347,39.23467],[-8.50456,39.23431],[-8.50469,39.23316],[-8.50706,39.23007],[-8.50938,39.22862],[-8.51055,39.22685],[-8.51121,39.22687],[-8.51156,39.2263],[-8.50979,39.22497],[-8.51037,39.22432],[-8.51089,39.22133],[-8.5115,39.22092],[-8.51074,39.21621],[-8.50973,39.21402],[-8.51038,39.21145],[-8.51152,39.21073],[-8.51177,39.2088],[-8.51313,39.20782],[-8.51372,39.20616],[-8.51444,39.2059],[-8.51556,39.20284],[-8.51886,39.20036],[-8.52288,39.20049],[-8.52431,39.19999],[-8.52563,39.19825],[-8.52678,39.1943],[-8.53256,39.19143],[-8.53468,39.18754],[-8.53606,39.18723],[-8.54037,39.18775],[-8.54163,39.18712],[-8.5429,39.18156],[-8.54348,39.18031],[-8.54576,39.17811],[-8.54898,39.17788],[-8.55341,39.17642],[-8.55445,39.17448],[-8.55424,39.17289],[-8.55555,39.17148],[-8.5603,39.17574],[-8.5676,39.17996],[-8.57494,39.18821],[-8.57424,39.18864],[-8.57919,39.1939],[-8.5883,39.20087],[-8.59265,39.20292],[-8.59561,39.20587],[-8.61427,39.22002],[-8.61512,39.21969],[-8.61668,39.22198],[-8.61617,39.22237],[-8.61741,39.22407],[-8.62257,39.22829],[-8.62115,39.23059],[-8.62328,39.23028],[-8.62527,39.23088],[-8.62727,39.23372],[-8.6251,39.23451],[-8.63178,39.2405],[-8.63401,39.24398],[-8.62906,39.24787],[-8.62728,39.25123],[-8.62514,39.25839],[-8.62447,39.266],[-8.62453,39.27779],[-8.62217,39.28294],[-8.6183,39.28825],[-8.61512,39.29108],[-8.61236,39.29264],[-8.60688,39.2943],[-8.59465,39.29688],[-8.58537,39.30082],[-8.58304,39.30299]]]]}},{"type":"Feature","properties":{"distrito_ilha":"Santarém","dtmn":"1407","municipio":"Chamusca"},"geometry":{"type":"MultiPolygon","coordinates":[[[[-8.24821,39.18198],[-8.24833,39.1815],[-8.25262,39.18102],[-8.25623,39.17969],[-8.25968,39.17749],[-8.26196,39.17751],[-8.26197,39.17585],[-8.26305,39.1757],[-8.26608,39.17281],[-8.2676,39.17311],[-8.26865,39.17086],[-8.27087,39.17062],[-8.27203,39.16988],[-8.27279,39.17011],[-8.27444,39.16957],[-8.27529,39.16988],[-8.27829,39.16739],[-8.27966,39.16811],[-8.28202,39.16788],[-8.28454,39.1665],[-8.2856,39.16709],[-8.28832,39.16674],[-8.28842,39.16464],[-8.29011,39.16345],[-8.2947,39.16226],[-8.29692,39.16256],[-8.29774,39.16313],[-8.29882,39.16288],[-8.299,39.16116],[-8.3,39.16051],[-8.30014,39.15998],[-8.29953,39.1593],[-8.30097,39.1573],[-8.30403,39.15554],[-8.30285,39.15448],[-8.30228,39.15089],[-8.30267,39.14949],[-8.30432,39.14772],[-8.30823,39.14597],[-8.31181,39.14324],[-8.31453,39.13962],[-8.31673,39.13783],[-8.31996,39.12912],[-8.32239,39.12667],[-8.32353,39.12462],[-8.32694,39.12311],[-8.32977,39.12027],[-8.33116,39.11681],[-8.33313,39.11502],[-8.33364,39.1139],[-8.33594,39.11293],[-8.33683,39.11193],[-8.33945,39.11185],[-8.34354,39.10979],[-8.34387,39.10436],[-8.34239,39.10187],[-8.34371,39.10138],[-8.34333,39.10042],[-8.34465,39.09883],[-8.34698,39.09812],[-8.34777,39.09834],[-8.34798,39.09732],[-8.34922,39.09646],[-8.35302,39.09585],[-8.35348,39.09492],[-8.35529,39.09413],[-8.35972,39.09361],[-8.36401,39.09144],[-8.36859,39.09241],[-8.37,39.0938],[-8.37139,39.09383],[-8.3749,39.09196],[-8.37789,39.09239],[-8.37908,39.0909],[-8.379,39.08995],[-8.3825,39.08734],[-8.38225,39.08196],[-8.38772,39.08129],[-8.39023,39.07972],[-8.39095,39.07662],[-8.3926,39.07548],[-8.39479,39.07293],[-8.39971,39.07214],[-8.40083,39.07113],[-8.4033,39.07528],[-8.40152,39.07802],[-8.40199,39.07981],[-8.40608,39.08364],[-8.40781,39.08638],[-8.40794,39.08752],[-8.40924,39.08986],[-8.41049,39.09102],[-8.40972,39.09623],[-8.41169,39.09738],[-8.4129,39.09901],[-8.41722,39.10072],[-8.41644,39.10131],[-8.41695,39.10177],[-8.41764,39.10133],[-8.41882,39.10247],[-8.42973,39.1001],[-8.43229,39.10163],[-8.43334,39.10386],[-8.44403,39.1036],[-8.45025,39.10615],[-8.45339,39.10563],[-8.45341,39.10781],[-8.45298,39.10825],[-8.45371,39.11018],[-8.45362,39.11316],[-8.45392,39.11403],[-8.45518,39.11509],[-8.46086,39.11418],[-8.46302,39.11441],[-8.47249,39.11268],[-8.47476,39.11295],[-8.47696,39.11416],[-8.47801,39.11406],[-8.47716,39.1155],[-8.47653,39.1192],[-8.47566,39.12101],[-8.47137,39.12579],[-8.46897,39.12684],[-8.4643,39.1314],[-8.4605,39.1337],[-8.45926,39.1335],[-8.45874,39.13438],[-8.45412,39.1336],[-8.45258,39.13734],[-8.45102,39.13824],[-8.45071,39.13917],[-8.44679,39.14275],[-8.44783,39.14694],[-8.44762,39.14784],[-8.44548,39.14983],[-8.44332,39.15063],[-8.44161,39.15587],[-8.43918,39.15727],[-8.4391,39.15973],[-8.44124,39.15994],[-8.44321,39.16155],[-8.4468,39.16335],[-8.45039,39.1635],[-8.4528,39.16427],[-8.45474,39.16656],[-8.45345,39.16781],[-8.45349,39.16837],[-8.4548,39.1682],[-8.4577,39.1693],[-8.45995,39.16955],[-8.46299,39.17528],[-8.46404,39.18293],[-8.46883,39.18206],[-8.4694,39.18315],[-8.46981,39.18695],[-8.47198,39.19267],[-8.47101,39.19377],[-8.4717,39.19703],[-8.47375,39.19677],[-8.47824,39.19896],[-8.48112,39.20163],[-8.48217,39.20207],[-8.48655,39.2022],[-8.48691,39.20327],[-8.49003,39.20435],[-8.49313,39.20439],[-8.50035,39.20553],[-8.50209,39.20415],[-8.50518,39.20448],[-8.50679,39.20597],[-8.51061,39.20573],[-8.51372,39.20616],[-8.51313,39.20782],[-8.51176,39.20883],[-8.51155,39.21067],[-8.51038,39.21145],[-8.50973,39.21402],[-8.51074,39.21621],[-8.5115,39.22092],[-8.51089,39.22133],[-8.51073,39.2233],[-8.51033,39.2233],[-8.5107,39.22382],[-8.51016,39.22393],[-8.51037,39.22432],[-8.50979,39.22498],[-8.51156,39.2263],[-8.51121,39.22687],[-8.51055,39.22685],[-8.50938,39.22862],[-8.50624,39.23093],[-8.50469,39.23316],[-8.50449,39.23434],[-8.50347,39.23467],[-8.50226,39.23432],[-8.49851,39.23679],[-8.49271,39.23892],[-8.49853,39.2407],[-8.50012,39.24208],[-8.50194,39.24199],[-8.50251,39.24003],[-8.50328,39.23981],[-8.50691,39.24186],[-8.50771,39.24042],[-8.50947,39.23987],[-8.51063,39.24103],[-8.51334,39.24084],[-8.51803,39.24149],[-8.51938,39.24259],[-8.52119,39.24322],[-8.52185,39.24419],[-8.52342,39.24461],[-8.53643,39.25369],[-8.53546,39.25528],[-8.53481,39.25507],[-8.53413,39.25572],[-8.54164,39.25901],[-8.54374,39.26134],[-8.54338,39.26314],[-8.54428,39.26319],[-8.54444,39.26499],[-8.54515,39.2659],[-8.54548,39.26696],[-8.5451,39.26727],[-8.54597,39.26886],[-8.54482,39.27118],[-8.54605,39.27398],[-8.54471,39.27755],[-8.54588,39.28351],[-8.54973,39.28646],[-8.5505,39.28755],[-8.55217,39.28818],[-8.553,39.29321],[-8.5555,39.29507],[-8.55875,39.29885],[-8.56071,39.30036],[-8.55734,39.30388],[-8.5579,39.30616],[-8.55976,39.30604],[-8.56484,39.30427],[-8.57077,39.30494],[-8.57749,39.30276],[-8.57834,39.30297],[-8.58053,39.30528],[-8.57508,39.31137],[-8.56634,39.31658],[-8.55658,39.31813],[-8.55384,39.31779],[-8.54237,39.32003],[-8.53442,39.32358],[-8.52652,39.32964],[-8.5118,39.34659],[-8.50469,39.35332],[-8.49301,39.36131],[-8.47603,39.3715],[-8.46798,39.37516],[-8.46483,39.37749],[-8.45849,39.38563],[-8.44762,39.40426],[-8.44442,39.41208],[-8.44378,39.41663],[-8.44432,39.41837],[-8.44768,39.42419],[-8.44954,39.43335],[-8.44903,39.43747],[-8.44697,39.44374],[-8.43863,39.45114],[-8.43348,39.4536],[-8.427,39.45531],[-8.40474,39.45577],[-8.40036,39.45688],[-8.39271,39.46058],[-8.3818,39.46194],[-8.37776,39.46155],[-8.37009,39.45893],[-8.36093,39.45862],[-8.35643,39.46016],[-8.34899,39.46167],[-8.34452,39.46379],[-8.34372,39.46261],[-8.34181,39.46159],[-8.33852,39.46153],[-8.33771,39.45892],[-8.33337,39.45318],[-8.32495,39.42915],[-8.31793,39.42052],[-8.31285,39.41322],[-8.30476,39.40916],[-8.30133,39.4047],[-8.2983,39.39908],[-8.29821,39.3943],[-8.30019,39.39347],[-8.3017,39.38984],[-8.2994,39.38637],[-8.29894,39.37767],[-8.29709,39.37018],[-8.29231,39.358],[-8.29125,39.35366],[-8.28985,39.35121],[-8.27878,39.33795],[-8.28231,39.33914],[-8.28296,39.33507],[-8.2822,39.33083],[-8.27996,39.3277],[-8.27675,39.32585],[-8.27735,39.32193],[-8.27667,39.32038],[-8.27367,39.31743],[-8.27085,39.31602],[-8.26985,39.3146],[-8.26775,39.31295],[-8.26709,39.31032],[-8.26437,39.30557],[-8.26439,39.30396],[-8.26365,39.30301],[-8.2638,39.29896],[-8.2615,39.29216],[-8.25361,39.29171],[-8.25095,39.29096],[-8.24884,39.29252],[-8.24907,39.29048],[-8.24962,39.28988],[-8.24651,39.28173],[-8.24393,39.27685],[-8.2431,39.27204],[-8.23282,39.26312],[-8.22835,39.26107],[-8.22347,39.25709],[-8.21721,39.25293],[-8.21454,39.25464],[-8.21067,39.25396],[-8.20978,39.25314],[-8.20958,39.25204],[-8.20823,39.25069],[-8.20611,39.24959],[-8.20332,39.25006],[-8.20189,39.24968],[-8.19562,39.24612],[-8.19427,39.24691],[-8.1924,39.24694],[-8.19119,39.24779],[-8.18718,39.24861],[-8.1726,39.23331],[-8.17341,39.23156],[-8.17745,39.23105],[-8.18099,39.22976],[-8.18225,39.22831],[-8.18164,39.22683],[-8.18307,39.22405],[-8.18279,39.2234],[-8.18368,39.22101],[-8.18363,39.21858],[-8.18623,39.21833],[-8.18997,39.21712],[-8.19415,39.21433],[-8.19652,39.21515],[-8.19914,39.20948],[-8.20114,39.20882],[-8.22069,39.19554],[-8.2241,39.19439],[-8.22497,39.19508],[-8.22501,39.19253],[-8.23337,39.18263],[-8.24427,39.18282],[-8.24821,39.18198]]]]}},{"type":"Feature","properties":{"distrito_ilha":"Santarém","dtmn":"1408","municipio":"Constância"},"geometry":{"type":"MultiPolygon","coordinates":[[[[-8.26156,39.41096],[-8.2605,39.41016],[-8.26064,39.406],[-8.25887,39.40347],[-8.25789,39.40317],[-8.25401,39.39666],[-8.25053,39.39512],[-8.24671,39.39444],[-8.24542,39.3925],[-8.24512,39.39074],[-8.24568,39.38976],[-8.2435,39.38662],[-8.24541,39.38578],[-8.24551,39.38154],[-8.24213,39.37938],[-8.24091,39.3772],[-8.24112,39.37218],[-8.24851,39.34677],[-8.25533,39.34374],[-8.27613,39.33732],[-8.27878,39.33795],[-8.28985,39.35121],[-8.29125,39.35366],[-8.29208,39.35735],[-8.29825,39.37401],[-8.29894,39.37767],[-8.2994,39.38637],[-8.3017,39.38984],[-8.30019,39.39347],[-8.29821,39.3943],[-8.2983,39.39908],[-8.30133,39.4047],[-8.30476,39.40916],[-8.31285,39.41322],[-8.31793,39.42052],[-8.32495,39.42915],[-8.33337,39.45318],[-8.33771,39.45892],[-8.33852,39.46153],[-8.34181,39.46159],[-8.34372,39.46261],[-8.34452,39.46379],[-8.3406,39.46812],[-8.33839,39.47254],[-8.34119,39.47392],[-8.34229,39.4751],[-8.34195,39.48057],[-8.34092,39.48417],[-8.33858,39.48809],[-8.33419,39.49145],[-8.33247,39.49365],[-8.33076,39.49887],[-8.32983,39.5035],[-8.32876,39.50296],[-8.32648,39.50278],[-8.32069,39.5039],[-8.31924,39.50344],[-8.31836,39.50259],[-8.31683,39.50257],[-8.31581,39.50082],[-8.31284,39.5015],[-8.31195,39.50096],[-8.31104,39.50121],[-8.31038,39.50063],[-8.30489,39.50284],[-8.30158,39.50342],[-8.3001,39.50296],[-8.2984,39.50417],[-8.29808,39.50397],[-8.29589,39.50627],[-8.29426,39.507],[-8.2915,39.50323],[-8.28726,39.50563],[-8.28483,39.50413],[-8.28428,39.50268],[-8.2821,39.5017],[-8.28272,39.50109],[-8.28137,39.49684],[-8.27768,39.48867],[-8.2753,39.4805],[-8.27442,39.48061],[-8.27318,39.47155],[-8.27246,39.47095],[-8.28186,39.46415],[-8.28667,39.463],[-8.2936,39.46239],[-8.29715,39.46302],[-8.29784,39.46156],[-8.29506,39.45926],[-8.29149,39.45823],[-8.28989,39.45706],[-8.28388,39.45473],[-8.28137,39.44556],[-8.28056,39.44443],[-8.27984,39.44155],[-8.28072,39.43971],[-8.27941,39.4387],[-8.27684,39.43944],[-8.27573,39.43782],[-8.27435,39.4326],[-8.27088,39.42975],[-8.26756,39.42475],[-8.26784,39.42163],[-8.26669,39.42087],[-8.26574,39.41905],[-8.26633,39.41816],[-8.26487,39.41483],[-8.26164,39.41211],[-8.26156,39.41096]]]]}},{"type":"Feature","properties":{"distrito_ilha":"Santarém","dtmn":"1410","municipio":"Entroncamento"},"geometry":{"type":"MultiPolygon","coordinates":[[[[-8.45653,39.4906],[-8.45571,39.48864],[-8.45758,39.48621],[-8.45857,39.48347],[-8.45843,39.48223],[-8.46118,39.48004],[-8.46288,39.47949],[-8.46415,39.47824],[-8.46351,39.47658],[-8.46453,39.4725],[-8.46376,39.47084],[-8.46381,39.46895],[-8.46448,39.4672],[-8.4636,39.46666],[-8.46176,39.46374],[-8.46209,39.46337],[-8.46144,39.45629],[-8.46226,39.45364],[-8.4697,39.44505],[-8.47436,39.44215],[-8.48495,39.43951],[-8.48915,39.44192],[-8.49514,39.44427],[-8.49838,39.45075],[-8.49838,39.45464],[-8.49738,39.45863],[-8.49849,39.46089],[-8.49798,39.46211],[-8.49856,39.46217],[-8.49879,39.46362],[-8.49963,39.46489],[-8.4959,39.46631],[-8.49789,39.46733],[-8.49847,39.4682],[-8.49591,39.47123],[-8.49425,39.47565],[-8.49202,39.47853],[-8.49127,39.47864],[-8.48958,39.47768],[-8.48727,39.47782],[-8.48698,39.4827],[-8.48239,39.48232],[-8.48208,39.48499],[-8.47553,39.48706],[-8.47522,39.48589],[-8.47157,39.48506],[-8.47134,39.48677],[-8.47074,39.48767],[-8.46612,39.48874],[-8.46558,39.48961],[-8.46321,39.49011],[-8.46355,39.491],[-8.46087,39.49244],[-8.45653,39.4906]]]]}},{"type":"Feature","properties":{"distrito_ilha":"Santarém","dtmn":"1411","municipio":"Ferreira do Zêzere"},"geometry":{"type":"MultiPolygon","coordinates":[[[[-8.23703,39.71157],[-8.23805,39.71001],[-8.2376,39.70611],[-8.23615,39.70423],[-8.2344,39.70348],[-8.23223,39.70375],[-8.23077,39.70584],[-8.22942,39.70681],[-8.22806,39.70701],[-8.22568,39.70595],[-8.2255,39.70393],[-8.22677,39.70042],[-8.22974,39.69743],[-8.23102,39.69289],[-8.22985,39.68792],[-8.23245,39.6827],[-8.23034,39.68038],[-8.22897,39.6743],[-8.22899,39.66481],[-8.23273,39.65925],[-8.23392,39.65134],[-8.23641,39.64426],[-8.24309,39.64595],[-8.24802,39.64583],[-8.25117,39.64789],[-8.25104,39.64942],[-8.2529,39.64937],[-8.25324,39.65032],[-8.25248,39.65031],[-8.25347,39.65247],[-8.25486,39.6527],[-8.25747,39.65181],[-8.26062,39.65344],[-8.26336,39.65254],[-8.26698,39.65387],[-8.26726,39.65446],[-8.27116,39.65488],[-8.27269,39.6543],[-8.27615,39.65408],[-8.27974,39.65528],[-8.28614,39.6533],[-8.28699,39.65509],[-8.28925,39.65619],[-8.29199,39.65912],[-8.29155,39.66334],[-8.29234,39.66731],[-8.29396,39.67088],[-8.29958,39.67545],[-8.3002,39.67686],[-8.30218,39.67744],[-8.30155,39.67806],[-8.30152,39.67913],[-8.30443,39.67928],[-8.30583,39.67729],[-8.30448,39.67606],[-8.30411,39.6716],[-8.30494,39.66966],[-8.30473,39.66839],[-8.30603,39.66777],[-8.30602,39.66495],[-8.30684,39.6643],[-8.30839,39.6605],[-8.3095,39.66014],[-8.31125,39.66069],[-8.3139,39.65988],[-8.31396,39.65668],[-8.31504,39.6564],[-8.31596,39.65473],[-8.3185,39.6536],[-8.31864,39.65292],[-8.31753,39.65172],[-8.31835,39.65124],[-8.31865,39.65013],[-8.3209,39.65071],[-8.32278,39.65029],[-8.32505,39.65104],[-8.32644,39.64901],[-8.32624,39.64811],[-8.32707,39.64654],[-8.32822,39.64669],[-8.32931,39.64594],[-8.33087,39.64792],[-8.33174,39.64768],[-8.33172,39.64893],[-8.33383,39.64911],[-8.33453,39.6539],[-8.33574,39.65506],[-8.33826,39.65562],[-8.3373,39.65714],[-8.33734,39.65811],[-8.33786,39.65856],[-8.33642,39.65909],[-8.33606,39.66001],[-8.33788,39.66059],[-8.33811,39.6614],[-8.3374,39.66191],[-8.3389,39.66488],[-8.33893,39.66708],[-8.33968,39.66857],[-8.3393,39.67177],[-8.33981,39.67194],[-8.3398,39.67267],[-8.34082,39.67317],[-8.3403,39.67502],[-8.34164,39.67709],[-8.34088,39.6803],[-8.34123,39.6812],[-8.3402,39.68253],[-8.33777,39.68218],[-8.33764,39.68167],[-8.33686,39.68216],[-8.33609,39.68196],[-8.3353,39.68359],[-8.33547,39.68536],[-8.33464,39.68949],[-8.33346,39.69086],[-8.33233,39.69131],[-8.33163,39.69248],[-8.33059,39.6928],[-8.33139,39.69274],[-8.3314,39.69357],[-8.33186,39.69354],[-8.33237,39.69464],[-8.33363,39.69539],[-8.3338,39.69479],[-8.33504,39.69526],[-8.33649,39.69506],[-8.33647,39.69455],[-8.33894,39.69502],[-8.34167,39.69442],[-8.34168,39.6962],[-8.34365,39.69568],[-8.34581,39.6961],[-8.34647,39.6951],[-8.34789,39.6957],[-8.34852,39.69526],[-8.34938,39.69567],[-8.34944,39.69629],[-8.35132,39.69686],[-8.35141,39.69744],[-8.35361,39.69616],[-8.35488,39.69644],[-8.3577,39.69581],[-8.35784,39.69671],[-8.35913,39.6972],[-8.36032,39.69678],[-8.36106,39.69749],[-8.36293,39.69725],[-8.36389,39.69779],[-8.36451,39.69722],[-8.36418,39.69651],[-8.3662,39.69477],[-8.36909,39.69389],[-8.36862,39.69237],[-8.37011,39.6924],[-8.37078,39.69146],[-8.37166,39.69156],[-8.37163,39.69072],[-8.37439,39.68951],[-8.37617,39.68988],[-8.37682,39.68648],[-8.37574,39.68344],[-8.37876,39.68242],[-8.37909,39.68113],[-8.3817,39.68203],[-8.38193,39.68138],[-8.38365,39.68116],[-8.38404,39.68063],[-8.3875,39.68146],[-8.38827,39.68106],[-8.38837,39.68188],[-8.38965,39.68198],[-8.39215,39.68446],[-8.39347,39.68405],[-8.39608,39.68577],[-8.39975,39.68548],[-8.40016,39.68511],[-8.40149,39.68709],[-8.40177,39.68877],[-8.40355,39.68955],[-8.40797,39.68965],[-8.40953,39.69069],[-8.40941,39.69152],[-8.40854,39.69187],[-8.40924,39.69442],[-8.41009,39.69392],[-8.41087,39.69443],[-8.41489,39.69324],[-8.41722,39.6931],[-8.41939,39.69201],[-8.42348,39.69332],[-8.42444,39.69235],[-8.424,39.69105],[-8.42553,39.68689],[-8.42693,39.68575],[-8.42701,39.68487],[-8.43005,39.68672],[-8.43122,39.69063],[-8.42959,39.69236],[-8.4297,39.6931],[-8.43066,39.69388],[-8.42939,39.69429],[-8.42955,39.69535],[-8.42875,39.69664],[-8.42882,39.69953],[-8.4279,39.70142],[-8.42909,39.70346],[-8.42815,39.7055],[-8.43055,39.70731],[-8.4294,39.70854],[-8.42984,39.70934],[-8.4314,39.70959],[-8.43028,39.71046],[-8.43076,39.71167],[-8.43025,39.71213],[-8.43002,39.71455],[-8.43213,39.71572],[-8.43259,39.71713],[-8.43114,39.7203],[-8.4318,39.72127],[-8.43172,39.72355],[-8.4325,39.72497],[-8.43096,39.72653],[-8.43018,39.72866],[-8.43098,39.73032],[-8.42917,39.73381],[-8.43038,39.73509],[-8.42935,39.73555],[-8.42983,39.73733],[-8.42874,39.73749],[-8.42972,39.73978],[-8.4312,39.74067],[-8.43051,39.74121],[-8.43061,39.74264],[-8.4288,39.74304],[-8.42883,39.74357],[-8.4277,39.744],[-8.426,39.74713],[-8.42358,39.74788],[-8.42434,39.74947],[-8.42336,39.75084],[-8.4239,39.75292],[-8.42323,39.75415],[-8.42157,39.75466],[-8.4204,39.75566],[-8.41745,39.75597],[-8.41474,39.75465],[-8.41328,39.75558],[-8.41183,39.75573],[-8.41167,39.75727],[-8.41042,39.75707],[-8.40971,39.7579],[-8.40793,39.75794],[-8.40761,39.75907],[-8.4052,39.75922],[-8.40437,39.76024],[-8.39874,39.76023],[-8.39673,39.76073],[-8.39539,39.76021],[-8.39449,39.76093],[-8.39408,39.76028],[-8.3923,39.76034],[-8.39199,39.75905],[-8.38985,39.75863],[-8.38943,39.75758],[-8.38647,39.75602],[-8.38568,39.75376],[-8.38279,39.75202],[-8.38013,39.75192],[-8.37577,39.7547],[-8.37443,39.75626],[-8.37502,39.75706],[-8.37365,39.75912],[-8.37232,39.759],[-8.37023,39.76077],[-8.36843,39.76113],[-8.36734,39.7628],[-8.36211,39.76691],[-8.36123,39.76794],[-8.36134,39.76842],[-8.35354,39.77007],[-8.35123,39.76956],[-8.34987,39.76995],[-8.34812,39.77135],[-8.34768,39.77362],[-8.3448,39.77442],[-8.34055,39.77273],[-8.33961,39.77081],[-8.33811,39.77007],[-8.33518,39.76578],[-8.33457,39.76401],[-8.335,39.76324],[-8.33259,39.76094],[-8.32916,39.76199],[-8.32842,39.76451],[-8.32445,39.76569],[-8.32594,39.76639],[-8.32725,39.76934],[-8.32935,39.77244],[-8.33021,39.77476],[-8.33008,39.77644],[-8.3287,39.77744],[-8.32831,39.7768],[-8.32693,39.77747],[-8.32774,39.77975],[-8.32674,39.78081],[-8.32565,39.78102],[-8.32592,39.78782],[-8.32759,39.79105],[-8.32819,39.79079],[-8.32856,39.79173],[-8.33203,39.79522],[-8.33316,39.79789],[-8.33548,39.79801],[-8.33647,39.79992],[-8.33572,39.80335],[-8.33435,39.80349],[-8.33263,39.80294],[-8.33103,39.80087],[-8.32956,39.80008],[-8.32801,39.79991],[-8.32674,39.79899],[-8.32472,39.80027],[-8.32243,39.80077],[-8.32052,39.79964],[-8.316,39.79895],[-8.31281,39.79714],[-8.31196,39.79723],[-8.30622,39.79494],[-8.30622,39.79452],[-8.30423,39.79321],[-8.29914,39.79524],[-8.29766,39.79507],[-8.29567,39.79651],[-8.29475,39.7956],[-8.29427,39.79621],[-8.29059,39.7975],[-8.28526,39.79608],[-8.28441,39.79314],[-8.28202,39.79004],[-8.28128,39.78852],[-8.28146,39.78579],[-8.28243,39.7844],[-8.28412,39.78348],[-8.28432,39.78157],[-8.28242,39.77791],[-8.27374,39.77268],[-8.27243,39.77258],[-8.27023,39.7745],[-8.26901,39.77455],[-8.26681,39.76966],[-8.26549,39.76872],[-8.26368,39.76868],[-8.25949,39.77125],[-8.25512,39.77504],[-8.25086,39.77744],[-8.24533,39.77929],[-8.24362,39.77921],[-8.24234,39.77841],[-8.24111,39.77425],[-8.2374,39.7699],[-8.2352,39.76544],[-8.23207,39.7628],[-8.23137,39.75853],[-8.22896,39.75422],[-8.22933,39.74894],[-8.22771,39.74501],[-8.22779,39.74322],[-8.22866,39.74198],[-8.23375,39.74028],[-8.23707,39.73502],[-8.23752,39.73193],[-8.23693,39.73001],[-8.23255,39.72742],[-8.23164,39.72617],[-8.23169,39.72517],[-8.23489,39.72234],[-8.23566,39.71998],[-8.23324,39.71526],[-8.23409,39.71318],[-8.23703,39.71157]]]]}},{"type":"Feature","properties":{"distrito_ilha":"Santarém","dtmn":"1412","municipio":"Golegã"},"geometry":{"type":"MultiPolygon","coordinates":[[[[-8.55748,39.31802],[-8.56653,39.3165],[-8.5697,39.32361],[-8.57192,39.32651],[-8.57583,39.32983],[-8.57917,39.33101],[-8.58563,39.33197],[-8.5902,39.33359],[-8.59123,39.33341],[-8.59113,39.33419],[-8.58856,39.33533],[-8.58878,39.33665],[-8.5871,39.33834],[-8.58731,39.33924],[-8.58578,39.33966],[-8.5818,39.3393],[-8.57921,39.34169],[-8.57709,39.34535],[-8.57415,39.34831],[-8.56944,39.34562],[-8.56776,39.34625],[-8.56764,39.34784],[-8.56969,39.34937],[-8.56979,39.35151],[-8.5693,39.352],[-8.57223,39.35709],[-8.57774,39.36015],[-8.57829,39.3617],[-8.57711,39.36084],[-8.5742,39.36364],[-8.56931,39.36719],[-8.56541,39.36701],[-8.56569,39.37113],[-8.56256,39.38046],[-8.56198,39.38604],[-8.55989,39.3909],[-8.55991,39.39359],[-8.5569,39.39852],[-8.55409,39.39914],[-8.5432,39.39874],[-8.53721,39.39714],[-8.52041,39.40689],[-8.51571,39.40723],[-8.50215,39.41478],[-8.50213,39.41728],[-8.4956,39.42451],[-8.48864,39.42952],[-8.48854,39.43143],[-8.48495,39.43951],[-8.47379,39.44238],[-8.4697,39.44505],[-8.46775,39.44707],[-8.46288,39.44977],[-8.45936,39.45273],[-8.44356,39.45664],[-8.44299,39.4564],[-8.44248,39.45685],[-8.44202,39.45601],[-8.43952,39.45734],[-8.44003,39.45815],[-8.43696,39.45966],[-8.43581,39.45913],[-8.43533,39.45757],[-8.43454,39.45723],[-8.43918,39.45364],[-8.43749,39.45178],[-8.44046,39.44987],[-8.44719,39.44336],[-8.44903,39.43747],[-8.44953,39.43261],[-8.44768,39.42419],[-8.44385,39.41704],[-8.44442,39.41208],[-8.44762,39.40426],[-8.45849,39.38563],[-8.46483,39.37749],[-8.46769,39.37532],[-8.47603,39.3715],[-8.49301,39.36131],[-8.50594,39.3523],[-8.5118,39.34659],[-8.52586,39.33031],[-8.53195,39.32517],[-8.53928,39.32113],[-8.54312,39.31981],[-8.55384,39.31779],[-8.55748,39.31802]]]]}},{"type":"Feature","properties":{"distrito_ilha":"Santarém","dtmn":"1413","municipio":"Mação"},"geometry":{"type":"MultiPolygon","coordinates":[[[[-7.99593,39.47999],[-7.99821,39.48082],[-8.00451,39.4788],[-8.00888,39.47317],[-8.01043,39.47233],[-8.01144,39.47243],[-8.02078,39.47887],[-8.02302,39.47941],[-8.02536,39.47831],[-8.0276,39.47475],[-8.03165,39.47186],[-8.03487,39.47159],[-8.04009,39.46992],[-8.04782,39.4695],[-8.05157,39.47073],[-8.06186,39.47205],[-8.06459,39.47137],[-8.0652,39.47226],[-8.06429,39.47464],[-8.06458,39.4765],[-8.06362,39.47717],[-8.06432,39.47808],[-8.06418,39.48001],[-8.06524,39.48057],[-8.06388,39.48129],[-8.06334,39.48232],[-8.06386,39.4834],[-8.06129,39.48595],[-8.06354,39.48753],[-8.06179,39.49097],[-8.06368,39.49341],[-8.06232,39.49392],[-8.06058,39.49336],[-8.06006,39.49396],[-8.06147,39.49579],[-8.0611,39.49687],[-8.05967,39.49778],[-8.05981,39.4986],[-8.06108,39.49977],[-8.06019,39.50157],[-8.06134,39.50344],[-8.06464,39.50453],[-8.06592,39.50678],[-8.06424,39.5106],[-8.06375,39.51569],[-8.06134,39.51786],[-8.06051,39.52021],[-8.06154,39.52247],[-8.06145,39.52453],[-8.06548,39.52728],[-8.06652,39.5296],[-8.06984,39.53328],[-8.07433,39.53504],[-8.07415,39.53628],[-8.07679,39.53689],[-8.07804,39.53947],[-8.07789,39.54012],[-8.08066,39.5416],[-8.08152,39.54152],[-8.08135,39.54247],[-8.08199,39.54336],[-8.0829,39.5435],[-8.08333,39.54406],[-8.08289,39.54439],[-8.08466,39.54562],[-8.08365,39.54655],[-8.08409,39.54877],[-8.08657,39.55033],[-8.08628,39.55127],[-8.08349,39.55275],[-8.08453,39.55445],[-8.08292,39.55546],[-8.08449,39.55773],[-8.08329,39.55942],[-8.08173,39.56004],[-8.0818,39.56179],[-8.08431,39.56419],[-8.08481,39.56548],[-8.08404,39.56819],[-8.08441,39.56904],[-8.08313,39.57003],[-8.08509,39.57099],[-8.08565,39.57195],[-8.08515,39.57412],[-8.08389,39.57498],[-8.0832,39.5749],[-8.08264,39.57592],[-8.08322,39.5765],[-8.08229,39.57667],[-8.08107,39.5781],[-8.08124,39.57934],[-8.08091,39.57954],[-8.08138,39.57986],[-8.08218,39.58407],[-8.08192,39.5854],[-8.08254,39.58674],[-8.08153,39.58776],[-8.08486,39.58943],[-8.08486,39.59016],[-8.08557,39.59064],[-8.08531,39.59344],[-8.08607,39.59542],[-8.08772,39.59512],[-8.08956,39.59678],[-8.09042,39.59659],[-8.09185,39.59528],[-8.09614,39.59583],[-8.09723,39.59683],[-8.0955,39.59827],[-8.0958,39.60031],[-8.09541,39.60243],[-8.09779,39.60606],[-8.09793,39.60706],[-8.10018,39.60727],[-8.1003,39.6078],[-8.10175,39.60834],[-8.10179,39.61026],[-8.10658,39.61179],[-8.10755,39.61267],[-8.10731,39.61295],[-8.10831,39.61335],[-8.10805,39.61404],[-8.10513,39.6131],[-8.104,39.6139],[-8.10302,39.61379],[-8.10207,39.6129],[-8.10075,39.61424],[-8.09629,39.61267],[-8.09249,39.61328],[-8.0911,39.61275],[-8.08911,39.61358],[-8.08754,39.61364],[-8.08644,39.61439],[-8.08445,39.61399],[-8.08218,39.61499],[-8.08159,39.61577],[-8.08,39.61601],[-8.0792,39.61701],[-8.07511,39.61866],[-8.07344,39.61868],[-8.07192,39.61992],[-8.0696,39.62081],[-8.06758,39.62072],[-8.06699,39.62035],[-8.06718,39.61951],[-8.06473,39.61957],[-8.06252,39.61805],[-8.0596,39.61729],[-8.05879,39.61798],[-8.05587,39.61792],[-8.05357,39.61651],[-8.06453,39.63426],[-8.06803,39.63472],[-8.06764,39.6359],[-8.06795,39.63805],[-8.0668,39.63785],[-8.06599,39.64],[-8.07074,39.64354],[-8.07086,39.64404],[-8.0697,39.64449],[-8.07051,39.64582],[-8.07187,39.64681],[-8.07187,39.64782],[-8.07348,39.65025],[-8.07289,39.65102],[-8.07554,39.6544],[-8.07793,39.6551],[-8.07743,39.656],[-8.07801,39.6568],[-8.07884,39.657],[-8.07729,39.65876],[-8.07528,39.65971],[-8.07377,39.66116],[-8.0739,39.6625],[-8.07493,39.66382],[-8.07382,39.66419],[-8.07312,39.66644],[-8.07247,39.66651],[-8.07216,39.66793],[-8.07143,39.66874],[-8.06959,39.66859],[-8.06873,39.66897],[-8.06703,39.66795],[-8.06084,39.66835],[-8.05956,39.67056],[-8.0596,39.67118],[-8.05797,39.67194],[-8.05874,39.6728],[-8.05722,39.67437],[-8.05808,39.67476],[-8.05776,39.6772],[-8.05816,39.67791],[-8.05766,39.67836],[-8.05823,39.68043],[-8.05916,39.68129],[-8.05843,39.68513],[-8.05913,39.6871],[-8.05888,39.68792],[-8.06077,39.68865],[-8.0596,39.69024],[-8.06099,39.69188],[-8.06167,39.69186],[-8.06149,39.69232],[-8.06238,39.69263],[-8.06112,39.69519],[-8.06165,39.69672],[-8.0581,39.69799],[-8.05775,39.69861],[-8.05841,39.69889],[-8.0578,39.70024],[-8.05661,39.70043],[-8.05713,39.7012],[-8.05681,39.70267],[-8.05612,39.70339],[-8.05519,39.70314],[-8.0549,39.70349],[-8.05549,39.70388],[-8.0554,39.70454],[-8.05455,39.70452],[-8.05401,39.70666],[-8.05472,39.7078],[-8.0532,39.71001],[-8.05364,39.71271],[-8.05303,39.71466],[-8.05323,39.71631],[-8.05048,39.71781],[-8.05006,39.71991],[-8.05056,39.72082],[-8.05032,39.7223],[-8.05114,39.72336],[-8.05056,39.72417],[-8.05239,39.72464],[-8.05255,39.726],[-8.05352,39.72614],[-8.05327,39.72673],[-8.05376,39.72859],[-8.05436,39.72894],[-8.05415,39.72948],[-8.05559,39.73209],[-8.05439,39.73509],[-8.05438,39.73564],[-8.05518,39.73586],[-8.05192,39.73606],[-8.05049,39.73698],[-8.04945,39.73872],[-8.04638,39.73699],[-8.04608,39.73734],[-8.04648,39.73844],[-8.04552,39.73986],[-8.04181,39.73908],[-8.04234,39.74045],[-8.04363,39.74154],[-8.03895,39.74272],[-8.03887,39.74361],[-8.03973,39.74504],[-8.0393,39.74689],[-8.03737,39.74783],[-8.03641,39.74682],[-8.03392,39.74651],[-8.03403,39.74559],[-8.03506,39.74481],[-8.03399,39.74345],[-8.03376,39.74238],[-8.03244,39.74291],[-8.03183,39.74229],[-8.03042,39.74266],[-8.02858,39.74244],[-8.02826,39.74173],[-8.02517,39.74151],[-8.02345,39.74021],[-8.02246,39.74129],[-8.01966,39.74135],[-8.01905,39.74253],[-8.01504,39.74288],[-8.01265,39.74398],[-8.00814,39.74409],[-8.00638,39.74368],[-8.00615,39.74323],[-8.0047,39.74334],[-8.00367,39.74072],[-8.00166,39.73868],[-7.9999,39.73863],[-7.99972,39.73902],[-7.99921,39.73822],[-8,39.73636],[-7.99952,39.7357],[-8.00043,39.73478],[-7.99996,39.73351],[-7.99536,39.7331],[-7.99417,39.73213],[-7.99266,39.73169],[-7.9927,39.73044],[-7.99043,39.72846],[-7.98672,39.72893],[-7.98682,39.73022],[-7.98619,39.73069],[-7.98605,39.73152],[-7.98356,39.73141],[-7.98231,39.7331],[-7.97926,39.73459],[-7.97743,39.73464],[-7.97644,39.73639],[-7.97276,39.73794],[-7.97203,39.73941],[-7.97233,39.74028],[-7.97316,39.7405],[-7.97174,39.74262],[-7.97007,39.74404],[-7.97012,39.74601],[-7.96437,39.74467],[-7.96372,39.74404],[-7.96197,39.74355],[-7.96209,39.74281],[-7.96039,39.74259],[-7.95913,39.74064],[-7.95772,39.74093],[-7.95828,39.73893],[-7.95758,39.73692],[-7.9573,39.73124],[-7.95536,39.72324],[-7.95567,39.72224],[-7.95429,39.72074],[-7.95434,39.719],[-7.95495,39.71845],[-7.95569,39.71905],[-7.95595,39.71772],[-7.95383,39.71761],[-7.95346,39.71649],[-7.95436,39.71565],[-7.95446,39.71446],[-7.95541,39.71424],[-7.9542,39.71339],[-7.95469,39.71208],[-7.95404,39.71158],[-7.95364,39.70393],[-7.95394,39.70305],[-7.9534,39.70068],[-7.95425,39.69917],[-7.95379,39.69645],[-7.95231,39.69345],[-7.95289,39.69116],[-7.95175,39.68917],[-7.95153,39.68751],[-7.95055,39.68662],[-7.95215,39.68409],[-7.95112,39.6824],[-7.95312,39.68129],[-7.95332,39.68051],[-7.95258,39.6799],[-7.95033,39.68032],[-7.94981,39.6793],[-7.95181,39.67781],[-7.95604,39.67722],[-7.95537,39.67551],[-7.95692,39.67382],[-7.95567,39.67179],[-7.95423,39.67083],[-7.95481,39.66976],[-7.95749,39.66916],[-7.95833,39.66756],[-7.95956,39.6669],[-7.9591,39.66422],[-7.95775,39.66371],[-7.95816,39.66226],[-7.95765,39.66134],[-7.95666,39.66123],[-7.95407,39.6628],[-7.94925,39.66098],[-7.94714,39.66173],[-7.93861,39.66206],[-7.93762,39.66123],[-7.93696,39.65909],[-7.93582,39.65828],[-7.93392,39.65971],[-7.93238,39.66298],[-7.93111,39.66358],[-7.92811,39.66102],[-7.9266,39.66105],[-7.92628,39.66232],[-7.92706,39.66424],[-7.927,39.66584],[-7.92794,39.66711],[-7.92706,39.66771],[-7.92052,39.6669],[-7.91703,39.66751],[-7.91481,39.66846],[-7.91425,39.66767],[-7.9151,39.66561],[-7.91168,39.66645],[-7.90937,39.66522],[-7.90891,39.66322],[-7.91168,39.66256],[-7.91205,39.66176],[-7.90737,39.6612],[-7.90554,39.66183],[-7.90483,39.66059],[-7.90332,39.65942],[-7.90083,39.66012],[-7.89821,39.65937],[-7.89712,39.6581],[-7.8992,39.6568],[-7.90197,39.65674],[-7.90252,39.6562],[-7.90199,39.65507],[-7.89905,39.65406],[-7.89564,39.65533],[-7.89406,39.65483],[-7.89391,39.65383],[-7.89242,39.65317],[-7.89289,39.65192],[-7.89151,39.65126],[-7.88996,39.64976],[-7.88986,39.649],[-7.89216,39.6478],[-7.89419,39.64838],[-7.89474,39.64773],[-7.89272,39.64533],[-7.89239,39.6436],[-7.88973,39.6426],[-7.88775,39.64511],[-7.88585,39.64442],[-7.88122,39.64453],[-7.88147,39.64225],[-7.881,39.64159],[-7.87974,39.64144],[-7.87716,39.64269],[-7.87549,39.64242],[-7.87503,39.64058],[-7.87344,39.63916],[-7.87291,39.63679],[-7.87148,39.636],[-7.87038,39.6366],[-7.87018,39.63816],[-7.86905,39.63916],[-7.86761,39.63875],[-7.86705,39.63758],[-7.8654,39.6384],[-7.86427,39.638],[-7.86447,39.63731],[-7.86361,39.63595],[-7.86311,39.63229],[-7.86139,39.63044],[-7.85811,39.63083],[-7.85873,39.62938],[-7.86155,39.62658],[-7.86186,39.62497],[-7.86073,39.62378],[-7.85567,39.62511],[-7.84885,39.62368],[-7.84755,39.62237],[-7.84708,39.62007],[-7.84919,39.6203],[-7.85025,39.61973],[-7.84986,39.61807],[-7.84836,39.6177],[-7.84733,39.61686],[-7.84752,39.61541],[-7.84953,39.613],[-7.84899,39.61138],[-7.84751,39.6099],[-7.84809,39.60795],[-7.84714,39.60719],[-7.8431,39.60805],[-7.83971,39.60811],[-7.83842,39.60739],[-7.83938,39.60425],[-7.83914,39.60301],[-7.84131,39.60093],[-7.84073,39.59994],[-7.83752,39.59952],[-7.83439,39.60088],[-7.83266,39.60025],[-7.83238,39.59968],[-7.83309,39.59875],[-7.8361,39.59725],[-7.83738,39.59573],[-7.83506,39.59417],[-7.83056,39.59457],[-7.82707,39.59211],[-7.82639,39.59082],[-7.82752,39.58812],[-7.8273,39.58721],[-7.82594,39.58696],[-7.82281,39.58884],[-7.82164,39.58832],[-7.82176,39.58451],[-7.82072,39.58249],[-7.81925,39.58252],[-7.81957,39.58435],[-7.81911,39.58549],[-7.8175,39.58577],[-7.81666,39.58502],[-7.81722,39.58071],[-7.81869,39.57839],[-7.81579,39.57494],[-7.81583,39.57383],[-7.81664,39.57294],[-7.81658,39.57173],[-7.81448,39.57113],[-7.8122,39.57164],[-7.81034,39.57114],[-7.81059,39.57017],[-7.81197,39.56922],[-7.81186,39.56765],[-7.80899,39.56578],[-7.81578,39.56399],[-7.81714,39.56323],[-7.81882,39.56112],[-7.82156,39.55959],[-7.82248,39.55787],[-7.8219,39.5541],[-7.82474,39.54943],[-7.82426,39.54693],[-7.82484,39.54582],[-7.82871,39.5452],[-7.82867,39.54307],[-7.8251,39.53736],[-7.82693,39.5353],[-7.83246,39.52644],[-7.83615,39.5219],[-7.83674,39.51754],[-7.83869,39.51512],[-7.84022,39.51399],[-7.84751,39.51077],[-7.8511,39.50987],[-7.85144,39.51171],[-7.85281,39.512],[-7.85424,39.51359],[-7.85655,39.51396],[-7.85834,39.51536],[-7.85833,39.51618],[-7.86135,39.51733],[-7.86258,39.51817],[-7.86294,39.51905],[-7.86596,39.51993],[-7.86771,39.52142],[-7.86904,39.52433],[-7.87122,39.52555],[-7.87188,39.52708],[-7.87279,39.52714],[-7.87314,39.52793],[-7.87895,39.529],[-7.87888,39.5306],[-7.88164,39.5309],[-7.88235,39.53057],[-7.88361,39.5318],[-7.88499,39.53269],[-7.88627,39.5327],[-7.88566,39.53346],[-7.88633,39.53406],[-7.88837,39.53277],[-7.88825,39.53397],[-7.8891,39.53381],[-7.88912,39.5342],[-7.89088,39.53449],[-7.89094,39.53487],[-7.8969,39.53722],[-7.89732,39.53691],[-7.90124,39.54035],[-7.90336,39.54033],[-7.90462,39.54105],[-7.90668,39.54134],[-7.90642,39.54226],[-7.90889,39.54496],[-7.90874,39.5461],[-7.91,39.54807],[-7.91289,39.54924],[-7.91381,39.54844],[-7.91548,39.54836],[-7.91663,39.55128],[-7.91745,39.55096],[-7.91778,39.55022],[-7.91879,39.55051],[-7.91978,39.54962],[-7.91995,39.55088],[-7.92173,39.55105],[-7.92303,39.55002],[-7.92347,39.55063],[-7.92334,39.55181],[-7.92443,39.55158],[-7.92631,39.55234],[-7.92814,39.5519],[-7.92908,39.55231],[-7.93007,39.55171],[-7.93226,39.55227],[-7.93258,39.55312],[-7.93513,39.55415],[-7.93508,39.55471],[-7.93655,39.55497],[-7.93765,39.55634],[-7.94339,39.55685],[-7.94593,39.55863],[-7.94661,39.55802],[-7.94925,39.5581],[-7.9491,39.55945],[-7.94958,39.55958],[-7.95011,39.56081],[-7.95194,39.56198],[-7.95132,39.56262],[-7.95162,39.56338],[-7.95341,39.56449],[-7.95539,39.56438],[-7.95967,39.56095],[-7.96078,39.55704],[-7.95994,39.55585],[-7.96092,39.55551],[-7.96191,39.55425],[-7.96411,39.55403],[-7.96482,39.55295],[-7.96727,39.55125],[-7.96754,39.54945],[-7.96932,39.5493],[-7.97004,39.54841],[-7.96904,39.54762],[-7.96832,39.54597],[-7.96558,39.54521],[-7.96944,39.54248],[-7.96975,39.54073],[-7.97075,39.53952],[-7.96937,39.53834],[-7.96961,39.53654],[-7.97294,39.53466],[-7.97222,39.53307],[-7.97258,39.53205],[-7.97633,39.52884],[-7.97649,39.52758],[-7.97553,39.52657],[-7.97894,39.52383],[-7.97865,39.52086],[-7.9816,39.51829],[-7.98176,39.51601],[-7.9841,39.51542],[-7.98452,39.51339],[-7.98592,39.51245],[-7.98826,39.51267],[-7.98978,39.51063],[-7.99284,39.51151],[-7.99491,39.50989],[-7.99405,39.50725],[-7.99716,39.50591],[-7.99872,39.50602],[-8.00014,39.50494],[-8.00011,39.50405],[-7.99937,39.50341],[-8.00143,39.49992],[-8.00155,39.49838],[-8.00282,39.49896],[-8.00288,39.4978],[-8.00489,39.49713],[-8.00522,39.49522],[-8.00458,39.49404],[-8.00296,39.49439],[-8.00061,39.49231],[-8.00238,39.48979],[-8.00189,39.48852],[-8.00221,39.48665],[-8.00119,39.48378],[-8.0003,39.48317],[-7.9973,39.4829],[-7.99502,39.47982],[-7.99593,39.47999]]]]}},{"type":"Feature","properties":{"distrito_ilha":"Santarém","dtmn":"1414","municipio":"Rio Maior"},"geometry":{"type":"MultiPolygon","coordinates":[[[[-8.82078,39.27245],[-8.82106,39.26989],[-8.81491,39.25633],[-8.81967,39.25427],[-8.82463,39.25096],[-8.82813,39.24778],[-8.83193,39.24596],[-8.83614,39.24731],[-8.83987,39.24913],[-8.84462,39.24719],[-8.84854,39.24422],[-8.85062,39.24343],[-8.85139,39.24252],[-8.85313,39.24357],[-8.85577,39.24203],[-8.86195,39.24802],[-8.86506,39.24893],[-8.86565,39.25016],[-8.86769,39.25131],[-8.87051,39.24973],[-8.87337,39.25253],[-8.87577,39.25097],[-8.877,39.2517],[-8.88093,39.25043],[-8.88229,39.25062],[-8.88293,39.25122],[-8.88539,39.25048],[-8.88734,39.24929],[-8.89078,39.24975],[-8.8937,39.24861],[-8.89485,39.24614],[-8.89436,39.24576],[-8.8959,39.24478],[-8.90056,39.24484],[-8.9031,39.24347],[-8.90632,39.24482],[-8.90785,39.24435],[-8.90568,39.24001],[-8.90766,39.23869],[-8.90804,39.23902],[-8.91159,39.23491],[-8.91977,39.2408],[-8.92325,39.23813],[-8.92533,39.23752],[-8.92851,39.23932],[-8.93232,39.23973],[-8.93401,39.23936],[-8.93743,39.2399],[-8.93889,39.24208],[-8.94134,39.24289],[-8.94223,39.24385],[-8.94342,39.24383],[-8.94597,39.24546],[-8.94682,39.24658],[-8.94906,39.24696],[-8.95015,39.24775],[-8.95063,39.24722],[-8.95528,39.25149],[-8.95993,39.25444],[-8.96271,39.25547],[-8.97519,39.25051],[-8.98131,39.24938],[-8.98389,39.25352],[-8.9791,39.27396],[-8.97576,39.28248],[-8.97522,39.28714],[-8.98007,39.28843],[-8.98366,39.28691],[-8.98657,39.29008],[-8.99011,39.29053],[-8.99265,39.2967],[-8.9945,39.2967],[-8.99273,39.29915],[-8.99272,39.30186],[-8.99166,39.30291],[-8.99012,39.30801],[-8.98854,39.31114],[-8.98886,39.31357],[-8.9883,39.31519],[-8.98657,39.31769],[-8.98687,39.32009],[-8.98938,39.32119],[-8.99264,39.32558],[-8.99457,39.32616],[-8.99701,39.32858],[-8.99946,39.3346],[-8.99931,39.33612],[-8.99808,39.33799],[-8.99835,39.3411],[-8.99872,39.34132],[-8.99815,39.3433],[-9.00026,39.34594],[-9.00095,39.35067],[-9.00054,39.35184],[-9.00095,39.35186],[-9.00155,39.35476],[-8.99819,39.35805],[-8.99904,39.35848],[-8.99862,39.36093],[-8.99433,39.36775],[-8.99396,39.37042],[-8.99175,39.37304],[-8.99172,39.37588],[-8.9847,39.38184],[-8.9839,39.38311],[-8.98358,39.38482],[-8.98132,39.38573],[-8.97754,39.38634],[-8.97644,39.38754],[-8.97513,39.38771],[-8.97419,39.38858],[-8.97477,39.38997],[-8.97397,39.38991],[-8.97288,39.3913],[-8.97222,39.39133],[-8.97232,39.39221],[-8.9714,39.39322],[-8.96858,39.39429],[-8.96666,39.39357],[-8.96539,39.39245],[-8.96055,39.39241],[-8.95739,39.39316],[-8.95324,39.39143],[-8.94571,39.39104],[-8.94001,39.40566],[-8.93457,39.41306],[-8.93241,39.42324],[-8.92302,39.43328],[-8.91735,39.44467],[-8.90923,39.45774],[-8.90342,39.46601],[-8.89571,39.46571],[-8.8878,39.46461],[-8.88385,39.45526],[-8.88234,39.45462],[-8.88355,39.45268],[-8.88268,39.45032],[-8.8809,39.44144],[-8.88207,39.44056],[-8.88239,39.43885],[-8.88088,39.43452],[-8.87941,39.43256],[-8.879,39.43076],[-8.87945,39.43042],[-8.87844,39.42952],[-8.87881,39.42834],[-8.87777,39.42704],[-8.87593,39.42155],[-8.87708,39.42067],[-8.87779,39.4189],[-8.87738,39.41862],[-8.87951,39.41808],[-8.87889,39.41719],[-8.88089,39.41603],[-8.88036,39.41562],[-8.88117,39.4148],[-8.88193,39.41515],[-8.88319,39.41455],[-8.8836,39.41527],[-8.8872,39.41369],[-8.88641,39.41256],[-8.88685,39.41222],[-8.88619,39.41215],[-8.88655,39.41062],[-8.8859,39.4103],[-8.88619,39.40971],[-8.8857,39.40954],[-8.88573,39.40873],[-8.88661,39.40897],[-8.88696,39.40792],[-8.8876,39.40789],[-8.8867,39.4073],[-8.89137,39.40733],[-8.89188,39.40592],[-8.8928,39.40543],[-8.89249,39.4048],[-8.89567,39.40299],[-8.89512,39.40229],[-8.89783,39.3998],[-8.8981,39.39843],[-8.89945,39.39645],[-8.89928,39.39567],[-8.89694,39.3953],[-8.89504,39.39431],[-8.89287,39.3916],[-8.89127,39.39315],[-8.89,39.39319],[-8.89115,39.39516],[-8.88884,39.39525],[-8.88802,39.39418],[-8.88898,39.39359],[-8.88743,39.39197],[-8.88738,39.39137],[-8.88574,39.39074],[-8.885,39.39234],[-8.88224,39.39376],[-8.87954,39.39601],[-8.87879,39.39533],[-8.87992,39.39511],[-8.8789,39.39269],[-8.87785,39.39336],[-8.87672,39.39254],[-8.87591,39.39296],[-8.87486,39.39271],[-8.87329,39.39428],[-8.87084,39.39203],[-8.86869,39.39301],[-8.86428,39.38947],[-8.86393,39.39056],[-8.86203,39.3919],[-8.85806,39.39127],[-8.8591,39.39005],[-8.85325,39.38723],[-8.85187,39.3885],[-8.84895,39.38868],[-8.84718,39.38665],[-8.84597,39.38629],[-8.84544,39.38493],[-8.84439,39.38478],[-8.84358,39.3839],[-8.84386,39.38366],[-8.84231,39.383],[-8.84227,39.38068],[-8.8416,39.37903],[-8.84064,39.37882],[-8.84121,39.37818],[-8.84075,39.37727],[-8.83941,39.37745],[-8.83876,39.37601],[-8.83745,39.37515],[-8.83758,39.37328],[-8.83608,39.37212],[-8.83473,39.3684],[-8.83268,39.36694],[-8.83232,39.36613],[-8.83137,39.36589],[-8.83121,39.36497],[-8.83192,39.36478],[-8.83069,39.36322],[-8.82874,39.36278],[-8.82848,39.36149],[-8.82446,39.35834],[-8.82313,39.35455],[-8.82347,39.35402],[-8.82185,39.35245],[-8.8214,39.35033],[-8.82169,39.34957],[-8.82052,39.34926],[-8.82021,39.34832],[-8.82054,39.34782],[-8.81974,39.34736],[-8.81826,39.34866],[-8.8155,39.34949],[-8.80936,39.34975],[-8.80681,39.34942],[-8.80519,39.35008],[-8.80485,39.34961],[-8.79711,39.35221],[-8.79522,39.35205],[-8.79323,39.35072],[-8.79246,39.3507],[-8.79178,39.35236],[-8.78975,39.35116],[-8.79026,39.34967],[-8.78989,39.34908],[-8.79014,39.34792],[-8.79148,39.34714],[-8.79305,39.34727],[-8.79514,39.34587],[-8.79435,39.34373],[-8.79557,39.34125],[-8.79973,39.33996],[-8.8028,39.33741],[-8.80292,39.3349],[-8.80522,39.33097],[-8.81125,39.32637],[-8.81249,39.32276],[-8.81192,39.32],[-8.81402,39.31621],[-8.81287,39.31485],[-8.81186,39.31228],[-8.81016,39.31066],[-8.81591,39.31062],[-8.81598,39.30678],[-8.81653,39.30611],[-8.81767,39.3066],[-8.8181,39.30619],[-8.81915,39.30648],[-8.82039,39.30617],[-8.82118,39.30526],[-8.81052,39.29711],[-8.80529,39.29369],[-8.80204,39.29046],[-8.79846,39.29125],[-8.79773,39.2902],[-8.79475,39.28822],[-8.79144,39.28454],[-8.79208,39.2811],[-8.79142,39.27974],[-8.7897,39.27797],[-8.79006,39.27741],[-8.78973,39.27503],[-8.78642,39.27024],[-8.78556,39.2684],[-8.78558,39.26589],[-8.78439,39.26216],[-8.78317,39.26112],[-8.78939,39.25999],[-8.79506,39.26059],[-8.79746,39.26219],[-8.79881,39.26227],[-8.80153,39.26458],[-8.80253,39.26736],[-8.80458,39.26883],[-8.80644,39.26872],[-8.80917,39.26659],[-8.81057,39.26666],[-8.81355,39.26801],[-8.81725,39.27214],[-8.82019,39.27319],[-8.82079,39.27308],[-8.82078,39.27245]]]]}},{"type":"Feature","properties":{"distrito_ilha":"Santarém","dtmn":"1416","municipio":"Santarém"},"geometry":{"type":"MultiPolygon","coordinates":[[[[-8.71542,39.20122],[-8.71745,39.19687],[-8.71773,39.19454],[-8.72104,39.18856],[-8.72143,39.18544],[-8.7225,39.18373],[-8.73639,39.17314],[-8.73797,39.17434],[-8.73561,39.17564],[-8.73458,39.17709],[-8.73643,39.17925],[-8.74019,39.18166],[-8.74739,39.18524],[-8.74979,39.18477],[-8.7513,39.18706],[-8.75885,39.19341],[-8.76283,39.20029],[-8.76961,39.20706],[-8.77174,39.21175],[-8.78654,39.20849],[-8.79067,39.21075],[-8.79089,39.20685],[-8.79322,39.20307],[-8.79396,39.20032],[-8.81965,39.1977],[-8.82073,39.20481],[-8.8239,39.20962],[-8.82916,39.21518],[-8.83036,39.21822],[-8.8322,39.22082],[-8.83279,39.22319],[-8.83423,39.22364],[-8.83534,39.2253],[-8.84172,39.22351],[-8.84184,39.22389],[-8.8429,39.22377],[-8.84564,39.22599],[-8.85154,39.22803],[-8.86098,39.22979],[-8.86484,39.23248],[-8.86592,39.23395],[-8.86566,39.23515],[-8.86792,39.23842],[-8.86871,39.23845],[-8.87275,39.24279],[-8.87577,39.25097],[-8.87337,39.25253],[-8.87051,39.24973],[-8.86735,39.25128],[-8.86565,39.25016],[-8.86506,39.24893],[-8.86195,39.24802],[-8.85577,39.24203],[-8.85313,39.24357],[-8.85139,39.24252],[-8.85062,39.24343],[-8.84854,39.24422],[-8.84462,39.24719],[-8.83987,39.24913],[-8.83586,39.24721],[-8.83111,39.24603],[-8.82813,39.24778],[-8.82535,39.25039],[-8.8194,39.25443],[-8.81491,39.25633],[-8.82106,39.26989],[-8.82079,39.27308],[-8.81725,39.27214],[-8.81355,39.26801],[-8.81057,39.26666],[-8.80917,39.26659],[-8.80657,39.26865],[-8.80473,39.26889],[-8.80253,39.26736],[-8.80147,39.26452],[-8.79881,39.26227],[-8.79746,39.26219],[-8.79506,39.26059],[-8.78939,39.25999],[-8.78307,39.2612],[-8.78439,39.26216],[-8.78558,39.26589],[-8.78558,39.26849],[-8.78965,39.27486],[-8.79006,39.27741],[-8.7897,39.27797],[-8.79142,39.27974],[-8.7921,39.28149],[-8.79144,39.28454],[-8.79475,39.28822],[-8.79773,39.2902],[-8.79846,39.29125],[-8.80228,39.2906],[-8.80529,39.29369],[-8.81052,39.29711],[-8.82118,39.30526],[-8.82039,39.30617],[-8.81915,39.30648],[-8.81637,39.3062],[-8.81598,39.30678],[-8.81591,39.31062],[-8.81012,39.3107],[-8.81186,39.31228],[-8.81401,39.31674],[-8.8131,39.31734],[-8.81192,39.32],[-8.81249,39.32276],[-8.81139,39.32622],[-8.80522,39.33097],[-8.80292,39.3349],[-8.80287,39.33724],[-8.80196,39.33844],[-8.79973,39.33996],[-8.79648,39.34068],[-8.79547,39.34133],[-8.79435,39.34373],[-8.79514,39.34587],[-8.79305,39.34727],[-8.79148,39.34714],[-8.79004,39.34804],[-8.79026,39.34967],[-8.78975,39.35116],[-8.79178,39.35236],[-8.79246,39.3507],[-8.79356,39.35083],[-8.79522,39.35205],[-8.79711,39.35221],[-8.80485,39.34961],[-8.80519,39.35008],[-8.80681,39.34942],[-8.80936,39.34975],[-8.8156,39.34947],[-8.81826,39.34866],[-8.81974,39.34736],[-8.82054,39.34782],[-8.82021,39.34832],[-8.82052,39.34926],[-8.82169,39.34957],[-8.82166,39.35185],[-8.82347,39.35402],[-8.82313,39.35455],[-8.82446,39.35834],[-8.82782,39.36079],[-8.82848,39.36149],[-8.82874,39.36278],[-8.83069,39.36322],[-8.83192,39.36478],[-8.83121,39.36497],[-8.83137,39.36589],[-8.83232,39.36613],[-8.83268,39.36694],[-8.83473,39.3684],[-8.83608,39.37212],[-8.83758,39.37328],[-8.83745,39.37515],[-8.83876,39.37601],[-8.83941,39.37745],[-8.84075,39.37727],[-8.84121,39.37818],[-8.84064,39.37882],[-8.8416,39.37903],[-8.84227,39.38068],[-8.84231,39.383],[-8.84386,39.38366],[-8.84358,39.3839],[-8.84439,39.38478],[-8.84544,39.38493],[-8.84597,39.38629],[-8.84718,39.38665],[-8.84895,39.38868],[-8.85187,39.3885],[-8.85331,39.38725],[-8.8591,39.39005],[-8.85806,39.39127],[-8.86203,39.3919],[-8.86393,39.39056],[-8.86428,39.38947],[-8.86869,39.39301],[-8.87084,39.39203],[-8.87329,39.39428],[-8.87486,39.39271],[-8.87591,39.39296],[-8.87672,39.39254],[-8.87785,39.39336],[-8.878,39.39293],[-8.8789,39.39269],[-8.87992,39.39511],[-8.87879,39.39533],[-8.87981,39.39601],[-8.88224,39.39376],[-8.885,39.39234],[-8.88574,39.39074],[-8.88738,39.39137],[-8.88743,39.39197],[-8.88898,39.39359],[-8.88802,39.39418],[-8.88884,39.39525],[-8.89115,39.39516],[-8.89008,39.39296],[-8.89127,39.39315],[-8.89287,39.3916],[-8.89504,39.39431],[-8.89694,39.3953],[-8.89928,39.39567],[-8.89945,39.39645],[-8.8981,39.39843],[-8.89783,39.3998],[-8.89512,39.40229],[-8.89567,39.40299],[-8.89241,39.40487],[-8.8928,39.40543],[-8.89188,39.40592],[-8.89117,39.4075],[-8.88651,39.40738],[-8.88754,39.40809],[-8.88696,39.40792],[-8.88661,39.40897],[-8.88573,39.40873],[-8.8857,39.40954],[-8.88619,39.40971],[-8.8859,39.4103],[-8.88655,39.41062],[-8.88619,39.41215],[-8.88685,39.41222],[-8.88641,39.41256],[-8.8872,39.41369],[-8.8836,39.41527],[-8.88319,39.41455],[-8.88193,39.41515],[-8.88117,39.4148],[-8.88036,39.41562],[-8.88089,39.41603],[-8.87891,39.41716],[-8.87951,39.41808],[-8.87738,39.41862],[-8.87777,39.41896],[-8.87708,39.42067],[-8.87606,39.42129],[-8.87627,39.42307],[-8.87728,39.42467],[-8.87705,39.42542],[-8.87881,39.42834],[-8.87844,39.42952],[-8.87945,39.43042],[-8.879,39.43076],[-8.87976,39.4334],[-8.88088,39.43452],[-8.88239,39.43885],[-8.88207,39.44056],[-8.8809,39.44146],[-8.88268,39.45032],[-8.88355,39.45268],[-8.88234,39.45462],[-8.88385,39.45526],[-8.8878,39.46461],[-8.89257,39.46525],[-8.88768,39.4691],[-8.88548,39.47239],[-8.88144,39.47435],[-8.8754,39.47431],[-8.87303,39.47541],[-8.86325,39.47545],[-8.85782,39.474],[-8.84648,39.47253],[-8.83645,39.47416],[-8.82993,39.47586],[-8.81837,39.47801],[-8.80879,39.48165],[-8.80234,39.48301],[-8.79526,39.48057],[-8.78894,39.47912],[-8.78007,39.47935],[-8.77186,39.47897],[-8.76581,39.47633],[-8.76464,39.47683],[-8.75938,39.47581],[-8.75993,39.47501],[-8.75894,39.47387],[-8.75715,39.47303],[-8.75724,39.47191],[-8.75517,39.47076],[-8.75568,39.46959],[-8.75467,39.46707],[-8.75466,39.46454],[-8.75376,39.46311],[-8.75202,39.46299],[-8.75129,39.46062],[-8.74899,39.45903],[-8.74563,39.46064],[-8.74403,39.46183],[-8.73473,39.46184],[-8.73509,39.46083],[-8.73433,39.46002],[-8.73395,39.4577],[-8.73223,39.45706],[-8.73257,39.45682],[-8.73051,39.45362],[-8.73013,39.45422],[-8.72821,39.45336],[-8.72459,39.45423],[-8.72288,39.45253],[-8.7204,39.45119],[-8.72015,39.45052],[-8.72089,39.44954],[-8.71867,39.44874],[-8.71882,39.44647],[-8.71813,39.44638],[-8.71798,39.44584],[-8.71727,39.44606],[-8.71715,39.44486],[-8.71613,39.44399],[-8.71659,39.44363],[-8.7154,39.44291],[-8.71547,39.4423],[-8.71658,39.44287],[-8.71674,39.44167],[-8.71515,39.44204],[-8.71488,39.44146],[-8.7162,39.43939],[-8.71565,39.43823],[-8.7181,39.43615],[-8.71855,39.43512],[-8.72142,39.43425],[-8.7219,39.43284],[-8.72487,39.43149],[-8.72648,39.43125],[-8.72652,39.43201],[-8.7279,39.43182],[-8.72928,39.43022],[-8.7305,39.43059],[-8.73269,39.42917],[-8.73409,39.43054],[-8.73414,39.42962],[-8.73492,39.42944],[-8.73555,39.43002],[-8.73915,39.43079],[-8.74145,39.43294],[-8.74093,39.43375],[-8.7422,39.43473],[-8.74311,39.43407],[-8.7429,39.43335],[-8.74412,39.43058],[-8.74638,39.42829],[-8.74674,39.42714],[-8.74827,39.4277],[-8.74675,39.42696],[-8.74695,39.42644],[-8.74775,39.4267],[-8.74744,39.42595],[-8.74839,39.42469],[-8.75133,39.42264],[-8.75154,39.42343],[-8.75323,39.42434],[-8.75423,39.4237],[-8.75791,39.423],[-8.75728,39.42251],[-8.75693,39.42105],[-8.75585,39.4203],[-8.75675,39.41911],[-8.75584,39.41863],[-8.75559,39.41763],[-8.75625,39.41702],[-8.75564,39.41613],[-8.75615,39.41537],[-8.75713,39.41527],[-8.75667,39.41476],[-8.75694,39.41387],[-8.75774,39.41412],[-8.75902,39.41341],[-8.75947,39.41021],[-8.76038,39.40906],[-8.76028,39.4085],[-8.7617,39.40704],[-8.76388,39.40608],[-8.76392,39.40504],[-8.76213,39.40381],[-8.75999,39.40063],[-8.75716,39.39922],[-8.75081,39.39884],[-8.7447,39.40037],[-8.74445,39.40085],[-8.74106,39.40137],[-8.7383,39.40029],[-8.73606,39.40379],[-8.73444,39.40525],[-8.73351,39.40519],[-8.73327,39.40583],[-8.73002,39.4081],[-8.7226,39.4086],[-8.72196,39.41052],[-8.72223,39.41229],[-8.72087,39.41248],[-8.72156,39.41338],[-8.72022,39.41384],[-8.71938,39.41509],[-8.71955,39.41601],[-8.71849,39.41642],[-8.71799,39.41546],[-8.71654,39.41488],[-8.71481,39.41328],[-8.71293,39.41266],[-8.71155,39.41064],[-8.70726,39.40829],[-8.70644,39.40701],[-8.70398,39.40564],[-8.70194,39.4031],[-8.70007,39.40221],[-8.69745,39.39945],[-8.69662,39.39909],[-8.69473,39.3995],[-8.69464,39.40194],[-8.69372,39.40231],[-8.69424,39.40263],[-8.69318,39.40384],[-8.69449,39.40498],[-8.69407,39.40536],[-8.695,39.40624],[-8.69457,39.40648],[-8.69183,39.40484],[-8.69149,39.40578],[-8.69012,39.40675],[-8.6914,39.40716],[-8.6887,39.40939],[-8.68925,39.40988],[-8.68722,39.4106],[-8.68747,39.41171],[-8.68629,39.41144],[-8.68363,39.41222],[-8.68012,39.41042],[-8.67807,39.41149],[-8.6771,39.41278],[-8.67655,39.41598],[-8.67462,39.41595],[-8.67125,39.41418],[-8.66957,39.41437],[-8.66698,39.41161],[-8.66577,39.41149],[-8.66517,39.41009],[-8.66432,39.40963],[-8.66179,39.41011],[-8.65931,39.40939],[-8.65674,39.41098],[-8.65781,39.41303],[-8.65748,39.41477],[-8.6565,39.41607],[-8.65514,39.41551],[-8.65375,39.41565],[-8.65274,39.41676],[-8.65323,39.41909],[-8.65234,39.42032],[-8.65199,39.41987],[-8.64883,39.42084],[-8.64782,39.42253],[-8.64661,39.42284],[-8.64439,39.42183],[-8.64087,39.4211],[-8.63696,39.41854],[-8.63566,39.41857],[-8.63443,39.42042],[-8.63455,39.42137],[-8.63547,39.42163],[-8.63407,39.42671],[-8.63269,39.43012],[-8.63139,39.43135],[-8.62893,39.43149],[-8.62918,39.43208],[-8.62824,39.43204],[-8.62552,39.43351],[-8.62121,39.42946],[-8.62097,39.42487],[-8.61846,39.42233],[-8.61723,39.42026],[-8.61583,39.42066],[-8.61576,39.42244],[-8.61704,39.42632],[-8.61388,39.42408],[-8.60945,39.4241],[-8.60256,39.41712],[-8.59889,39.41009],[-8.59568,39.4068],[-8.59528,39.4054],[-8.59364,39.40529],[-8.59234,39.40414],[-8.59015,39.40607],[-8.58864,39.40836],[-8.58912,39.40883],[-8.58897,39.41112],[-8.58767,39.41019],[-8.58472,39.41131],[-8.58386,39.41097],[-8.58389,39.41187],[-8.58022,39.41172],[-8.57932,39.41112],[-8.57855,39.40969],[-8.57738,39.40927],[-8.57624,39.408],[-8.57502,39.40781],[-8.57451,39.40693],[-8.57401,39.4072],[-8.57226,39.40581],[-8.57221,39.40525],[-8.56891,39.40478],[-8.5691,39.40126],[-8.56701,39.40184],[-8.55689,39.39853],[-8.55991,39.39359],[-8.55989,39.3909],[-8.56198,39.38604],[-8.56256,39.38046],[-8.56569,39.37113],[-8.56541,39.36701],[-8.56931,39.36719],[-8.5742,39.36364],[-8.57711,39.36084],[-8.57829,39.3617],[-8.57774,39.36015],[-8.57223,39.35709],[-8.5693,39.352],[-8.56978,39.35156],[-8.56972,39.34942],[-8.56764,39.34784],[-8.5676,39.34642],[-8.56892,39.34563],[-8.57006,39.34576],[-8.57415,39.34831],[-8.57685,39.34565],[-8.57921,39.34169],[-8.5821,39.33914],[-8.58578,39.33966],[-8.58731,39.33924],[-8.5871,39.33834],[-8.58878,39.33665],[-8.58856,39.33533],[-8.59113,39.33419],[-8.59123,39.33341],[-8.59026,39.33361],[-8.58563,39.33197],[-8.57876,39.33091],[-8.57549,39.32966],[-8.57192,39.32651],[-8.56936,39.32306],[-8.56653,39.3165],[-8.57508,39.31137],[-8.57955,39.30623],[-8.58563,39.30069],[-8.59493,39.2968],[-8.60688,39.2943],[-8.61218,39.29271],[-8.61512,39.29108],[-8.62023,39.28596],[-8.62231,39.28267],[-8.62473,39.27676],[-8.62447,39.266],[-8.62531,39.2573],[-8.62862,39.24842],[-8.63468,39.2433],[-8.6378,39.24163],[-8.64206,39.24033],[-8.65313,39.23904],[-8.66405,39.23657],[-8.66866,39.23469],[-8.67398,39.22736],[-8.67716,39.22034],[-8.68006,39.20776],[-8.68021,39.20399],[-8.68285,39.18776],[-8.68595,39.18809],[-8.69101,39.18218],[-8.69356,39.18065],[-8.6955,39.17869],[-8.69507,39.17817],[-8.69629,39.17554],[-8.7003,39.17369],[-8.70283,39.17086],[-8.70383,39.16875],[-8.70569,39.18006],[-8.70788,39.18657],[-8.71412,39.20116],[-8.71448,39.20166],[-8.71542,39.20122]]]]}},{"type":"Feature","properties":{"distrito_ilha":"Santarém","dtmn":"1417","municipio":"Sardoal"},"geometry":{"type":"MultiPolygon","coordinates":[[[[-8.13075,39.49749],[-8.13211,39.49742],[-8.13535,39.50005],[-8.13968,39.50094],[-8.1425,39.50333],[-8.14437,39.50418],[-8.14418,39.50515],[-8.15364,39.50429],[-8.15724,39.50759],[-8.15982,39.5117],[-8.16084,39.51547],[-8.16999,39.51525],[-8.17169,39.51609],[-8.1732,39.51627],[-8.17485,39.51865],[-8.17628,39.51912],[-8.1783,39.52171],[-8.18544,39.52297],[-8.18612,39.52504],[-8.18574,39.52793],[-8.1844,39.52889],[-8.18426,39.53066],[-8.18335,39.53122],[-8.18123,39.53541],[-8.1869,39.53543],[-8.18767,39.5343],[-8.18986,39.53537],[-8.19189,39.5346],[-8.19358,39.53753],[-8.1929,39.53902],[-8.19429,39.54276],[-8.19319,39.54487],[-8.19144,39.54589],[-8.18981,39.54855],[-8.18998,39.55038],[-8.19163,39.55317],[-8.19182,39.55668],[-8.1952,39.55816],[-8.19459,39.56221],[-8.19236,39.56408],[-8.19173,39.56413],[-8.19157,39.56447],[-8.19242,39.56465],[-8.19143,39.5653],[-8.19156,39.56561],[-8.19016,39.56597],[-8.1899,39.56682],[-8.1881,39.56707],[-8.18866,39.56858],[-8.18845,39.57233],[-8.18907,39.57301],[-8.18706,39.57879],[-8.18603,39.57987],[-8.18476,39.58325],[-8.18025,39.58621],[-8.17843,39.58929],[-8.17417,39.59078],[-8.17212,39.59265],[-8.17178,39.59874],[-8.17295,39.60018],[-8.17379,39.60287],[-8.17627,39.60598],[-8.17646,39.60809],[-8.17233,39.61382],[-8.17115,39.61884],[-8.17018,39.61971],[-8.16942,39.61956],[-8.16797,39.62035],[-8.16778,39.6219],[-8.16536,39.62395],[-8.16387,39.62655],[-8.16243,39.62644],[-8.16293,39.62485],[-8.1626,39.62396],[-8.15685,39.62352],[-8.15505,39.62429],[-8.15326,39.62396],[-8.15328,39.62288],[-8.15414,39.6217],[-8.15364,39.62006],[-8.15131,39.61986],[-8.15127,39.61819],[-8.15048,39.61746],[-8.14802,39.61711],[-8.14527,39.61398],[-8.14313,39.6135],[-8.1408,39.61369],[-8.13961,39.61235],[-8.13717,39.61249],[-8.1354,39.6115],[-8.13397,39.61133],[-8.131,39.61326],[-8.12925,39.61318],[-8.12691,39.6147],[-8.12307,39.61401],[-8.12192,39.61332],[-8.12156,39.61187],[-8.11969,39.61172],[-8.1176,39.61432],[-8.11395,39.61528],[-8.1124,39.61439],[-8.11059,39.61466],[-8.10982,39.61352],[-8.1083,39.61388],[-8.10831,39.61335],[-8.10731,39.61295],[-8.10755,39.61267],[-8.10626,39.61163],[-8.10179,39.61026],[-8.10175,39.60834],[-8.1003,39.6078],[-8.10018,39.60727],[-8.09776,39.60693],[-8.09779,39.60606],[-8.0964,39.60436],[-8.09541,39.60243],[-8.0958,39.60031],[-8.0955,39.59827],[-8.09723,39.59683],[-8.09614,39.59583],[-8.09185,39.59528],[-8.08986,39.59678],[-8.08882,39.59649],[-8.08802,39.59525],[-8.08607,39.59542],[-8.08531,39.59344],[-8.08557,39.59064],[-8.08486,39.59016],[-8.08486,39.58943],[-8.08153,39.58776],[-8.08254,39.58674],[-8.08192,39.5854],[-8.08218,39.58407],[-8.08138,39.57986],[-8.08091,39.57954],[-8.08124,39.57934],[-8.08107,39.5781],[-8.08229,39.57667],[-8.08322,39.5765],[-8.08264,39.57592],[-8.0832,39.5749],[-8.08389,39.57498],[-8.08515,39.57412],[-8.08565,39.57195],[-8.08509,39.57099],[-8.08313,39.57003],[-8.08441,39.56904],[-8.08404,39.56819],[-8.08466,39.56478],[-8.0818,39.56179],[-8.08173,39.56004],[-8.08329,39.55942],[-8.08449,39.55773],[-8.08292,39.55546],[-8.08453,39.55445],[-8.08349,39.55275],[-8.08672,39.55083],[-8.08657,39.55033],[-8.08409,39.54877],[-8.08365,39.54655],[-8.08542,39.54526],[-8.08512,39.54428],[-8.08647,39.54321],[-8.0862,39.5422],[-8.08695,39.5414],[-8.08618,39.54085],[-8.08964,39.53546],[-8.10034,39.53656],[-8.10251,39.53617],[-8.10581,39.53642],[-8.11261,39.53856],[-8.11426,39.5404],[-8.11625,39.53774],[-8.11747,39.53708],[-8.11561,39.53602],[-8.11537,39.53714],[-8.10993,39.53464],[-8.11041,39.53384],[-8.11176,39.53327],[-8.1093,39.53159],[-8.10834,39.53001],[-8.11045,39.53004],[-8.10964,39.52866],[-8.1101,39.52823],[-8.11086,39.52871],[-8.11109,39.52822],[-8.11016,39.52769],[-8.11093,39.52718],[-8.11404,39.52882],[-8.11304,39.52463],[-8.11521,39.52416],[-8.1145,39.52316],[-8.11478,39.52034],[-8.1136,39.51857],[-8.11655,39.51861],[-8.1171,39.51793],[-8.11577,39.51715],[-8.11566,39.51566],[-8.11774,39.51593],[-8.11679,39.51357],[-8.11375,39.51203],[-8.11325,39.50877],[-8.11403,39.50865],[-8.11465,39.50782],[-8.11659,39.50774],[-8.12252,39.50602],[-8.1236,39.50428],[-8.12508,39.50341],[-8.12662,39.50082],[-8.12831,39.50006],[-8.13027,39.49746],[-8.13075,39.49749]]]]}},{"type":"Feature","properties":{"distrito_ilha":"Santarém","dtmn":"1418","municipio":"Tomar"},"geometry":{"type":"MultiPolygon","coordinates":[[[[-8.46996,39.56115],[-8.46854,39.56211],[-8.46881,39.56275],[-8.46813,39.56372],[-8.46673,39.56366],[-8.46637,39.5641],[-8.46679,39.56437],[-8.46612,39.56468],[-8.46652,39.56511],[-8.46401,39.5664],[-8.46629,39.57107],[-8.47111,39.57447],[-8.47709,39.58108],[-8.4804,39.58612],[-8.48143,39.58698],[-8.48132,39.58812],[-8.48195,39.58821],[-8.48611,39.59372],[-8.48739,39.59716],[-8.48845,39.59837],[-8.48762,39.59884],[-8.48839,39.59927],[-8.48877,39.60079],[-8.49018,39.60272],[-8.49171,39.60385],[-8.49143,39.60554],[-8.4955,39.61391],[-8.49482,39.61589],[-8.49459,39.61879],[-8.49424,39.61957],[-8.49355,39.61974],[-8.49491,39.62517],[-8.49608,39.62497],[-8.50358,39.63211],[-8.50142,39.63896],[-8.50402,39.63972],[-8.50442,39.64026],[-8.50772,39.64048],[-8.50947,39.64196],[-8.5092,39.64339],[-8.51191,39.64531],[-8.51248,39.64851],[-8.51094,39.64851],[-8.51095,39.64911],[-8.50727,39.6526],[-8.50681,39.65567],[-8.50473,39.65839],[-8.50468,39.66032],[-8.5032,39.66193],[-8.50279,39.6647],[-8.50071,39.66953],[-8.5024,39.67497],[-8.502,39.67781],[-8.49679,39.68446],[-8.49627,39.68706],[-8.49454,39.69124],[-8.49131,39.69155],[-8.48949,39.69223],[-8.4883,39.69208],[-8.48778,39.6913],[-8.48434,39.69293],[-8.48286,39.69251],[-8.481,39.69279],[-8.48071,39.69346],[-8.4813,39.69432],[-8.4806,39.69491],[-8.48074,39.69685],[-8.48187,39.69765],[-8.48194,39.69913],[-8.47856,39.70015],[-8.47777,39.70192],[-8.47582,39.70325],[-8.4728,39.70291],[-8.47143,39.70398],[-8.46685,39.70401],[-8.46716,39.70505],[-8.46604,39.70536],[-8.46498,39.70725],[-8.46412,39.70777],[-8.46231,39.70725],[-8.46148,39.70582],[-8.46194,39.70532],[-8.45997,39.70444],[-8.46032,39.70311],[-8.45448,39.70067],[-8.45456,39.70004],[-8.45353,39.69901],[-8.45166,39.69894],[-8.45089,39.69748],[-8.44985,39.69775],[-8.44816,39.69652],[-8.44804,39.69496],[-8.44695,39.69339],[-8.44396,39.69333],[-8.44348,39.6925],[-8.44274,39.69236],[-8.44273,39.69096],[-8.44217,39.68989],[-8.43857,39.68808],[-8.43928,39.6871],[-8.43919,39.68558],[-8.43849,39.68487],[-8.43867,39.68327],[-8.43739,39.68124],[-8.43889,39.67985],[-8.43855,39.67744],[-8.43486,39.67958],[-8.43206,39.67742],[-8.43219,39.67584],[-8.43052,39.67351],[-8.42934,39.67393],[-8.42898,39.67489],[-8.42736,39.67613],[-8.42535,39.67678],[-8.4254,39.67812],[-8.42347,39.67934],[-8.42377,39.67967],[-8.42309,39.68039],[-8.42321,39.68156],[-8.42398,39.68146],[-8.42375,39.68201],[-8.42584,39.68353],[-8.42775,39.68356],[-8.42693,39.68575],[-8.42585,39.6864],[-8.424,39.69105],[-8.42444,39.69235],[-8.42348,39.69332],[-8.41939,39.69201],[-8.41722,39.6931],[-8.41489,39.69324],[-8.41298,39.69409],[-8.41087,39.69443],[-8.41009,39.69392],[-8.40924,39.69442],[-8.40854,39.69187],[-8.40956,39.69106],[-8.40919,39.69011],[-8.40797,39.68965],[-8.40376,39.68958],[-8.40179,39.6888],[-8.40149,39.68709],[-8.40016,39.68511],[-8.39975,39.68548],[-8.39608,39.68577],[-8.39347,39.68405],[-8.39215,39.68446],[-8.38965,39.68198],[-8.38837,39.68188],[-8.38827,39.68106],[-8.3875,39.68146],[-8.38404,39.68063],[-8.38365,39.68116],[-8.38193,39.68138],[-8.3817,39.68203],[-8.37909,39.68113],[-8.37876,39.68242],[-8.37574,39.68344],[-8.37682,39.68648],[-8.37617,39.68988],[-8.37439,39.68951],[-8.37163,39.69072],[-8.3716,39.69159],[-8.37078,39.69146],[-8.37011,39.6924],[-8.36862,39.69237],[-8.36909,39.69389],[-8.36741,39.69418],[-8.36487,39.69572],[-8.36418,39.69651],[-8.36451,39.69722],[-8.36389,39.69779],[-8.36293,39.69725],[-8.36106,39.69749],[-8.36032,39.69678],[-8.35913,39.6972],[-8.35788,39.69675],[-8.3577,39.69581],[-8.35488,39.69644],[-8.35361,39.69616],[-8.35141,39.69744],[-8.35136,39.69688],[-8.34944,39.69629],[-8.34938,39.69567],[-8.34852,39.69526],[-8.34789,39.6957],[-8.34665,39.69507],[-8.34581,39.6961],[-8.34365,39.69568],[-8.34168,39.6962],[-8.34167,39.69442],[-8.33894,39.69502],[-8.33653,39.69455],[-8.33649,39.69506],[-8.33504,39.69526],[-8.3338,39.69479],[-8.33363,39.69539],[-8.33237,39.69464],[-8.33124,39.69327],[-8.33139,39.69274],[-8.3306,39.69259],[-8.33163,39.69248],[-8.33487,39.68907],[-8.33547,39.68536],[-8.3353,39.68359],[-8.33612,39.68194],[-8.33686,39.68216],[-8.33764,39.68167],[-8.33777,39.68218],[-8.3402,39.68253],[-8.34123,39.6812],[-8.34088,39.6803],[-8.34164,39.67709],[-8.3403,39.67502],[-8.34086,39.67333],[-8.3393,39.67177],[-8.33968,39.66857],[-8.33893,39.66708],[-8.33895,39.66504],[-8.33753,39.66271],[-8.33742,39.6618],[-8.3381,39.66144],[-8.33768,39.6603],[-8.33616,39.66008],[-8.3362,39.65926],[-8.33786,39.65856],[-8.33734,39.65811],[-8.33731,39.65706],[-8.33824,39.65556],[-8.33574,39.65506],[-8.33451,39.65386],[-8.33383,39.64911],[-8.33172,39.64893],[-8.33174,39.64768],[-8.33087,39.64792],[-8.32911,39.64589],[-8.32822,39.64669],[-8.32704,39.64657],[-8.32624,39.64811],[-8.32644,39.64901],[-8.3249,39.65108],[-8.32278,39.65029],[-8.3209,39.65071],[-8.31865,39.65013],[-8.31835,39.65124],[-8.31753,39.65172],[-8.31863,39.65335],[-8.31812,39.65401],[-8.31599,39.65472],[-8.31504,39.6564],[-8.31396,39.65668],[-8.31385,39.65993],[-8.31125,39.66069],[-8.30944,39.66014],[-8.30803,39.66086],[-8.30684,39.6643],[-8.30604,39.66489],[-8.30603,39.66777],[-8.30474,39.66837],[-8.30494,39.66966],[-8.30412,39.67152],[-8.30448,39.67606],[-8.30583,39.67729],[-8.30443,39.67928],[-8.30152,39.67913],[-8.30155,39.67806],[-8.30218,39.67744],[-8.3002,39.67686],[-8.29958,39.67545],[-8.29396,39.67088],[-8.29181,39.6656],[-8.29186,39.65881],[-8.28925,39.65619],[-8.28699,39.65509],[-8.28614,39.6533],[-8.27974,39.65528],[-8.27615,39.65408],[-8.27269,39.6543],[-8.27116,39.65488],[-8.26726,39.65446],[-8.26698,39.65387],[-8.26329,39.65254],[-8.26062,39.65344],[-8.25756,39.65182],[-8.25486,39.6527],[-8.25347,39.65247],[-8.25342,39.65172],[-8.25259,39.65105],[-8.25291,39.6508],[-8.25248,39.65031],[-8.25324,39.65032],[-8.2529,39.64937],[-8.25104,39.64942],[-8.25117,39.64789],[-8.24802,39.64583],[-8.24309,39.64595],[-8.23641,39.64426],[-8.23799,39.64108],[-8.23946,39.64138],[-8.24207,39.64321],[-8.24372,39.64348],[-8.24599,39.64249],[-8.24815,39.63932],[-8.24816,39.63749],[-8.24742,39.63505],[-8.24862,39.63001],[-8.24986,39.62892],[-8.25315,39.62733],[-8.25472,39.62593],[-8.25538,39.62322],[-8.25378,39.62087],[-8.25383,39.6191],[-8.25512,39.61766],[-8.26023,39.61529],[-8.26103,39.61405],[-8.261,39.61167],[-8.26251,39.60877],[-8.26743,39.60659],[-8.26769,39.60532],[-8.26637,39.60358],[-8.26099,39.6018],[-8.25099,39.60133],[-8.24721,39.60019],[-8.24165,39.59633],[-8.24099,39.59422],[-8.24127,39.59297],[-8.24227,39.59221],[-8.24494,39.59203],[-8.24709,39.59127],[-8.2557,39.58513],[-8.25602,39.58363],[-8.2555,39.58098],[-8.25716,39.57785],[-8.26143,39.57459],[-8.26229,39.5723],[-8.26351,39.5717],[-8.26592,39.57164],[-8.27109,39.57271],[-8.27384,39.57267],[-8.27748,39.57093],[-8.28528,39.56515],[-8.29522,39.56019],[-8.29581,39.55509],[-8.29741,39.55248],[-8.29692,39.5501],[-8.29753,39.549],[-8.30018,39.54748],[-8.30122,39.54633],[-8.30456,39.5453],[-8.31414,39.54459],[-8.32592,39.54014],[-8.33347,39.53585],[-8.34283,39.5325],[-8.34633,39.52904],[-8.35133,39.52612],[-8.35483,39.52096],[-8.35557,39.5202],[-8.35614,39.52101],[-8.35728,39.52036],[-8.35797,39.5184],[-8.35922,39.51742],[-8.36085,39.51273],[-8.36045,39.51174],[-8.36234,39.51124],[-8.36337,39.5099],[-8.36314,39.50908],[-8.36387,39.5089],[-8.36488,39.50692],[-8.36565,39.50685],[-8.36629,39.50754],[-8.36616,39.50703],[-8.36698,39.50686],[-8.36683,39.50625],[-8.36815,39.50568],[-8.36553,39.50395],[-8.36727,39.5034],[-8.36799,39.50259],[-8.36799,39.49985],[-8.36601,39.49236],[-8.36711,39.48794],[-8.36582,39.48608],[-8.36583,39.48494],[-8.36642,39.48498],[-8.36648,39.48407],[-8.36756,39.48468],[-8.36782,39.48386],[-8.37174,39.48085],[-8.37366,39.47993],[-8.37865,39.47972],[-8.37957,39.47785],[-8.38141,39.47665],[-8.38397,39.47708],[-8.3933,39.47697],[-8.40587,39.48747],[-8.40717,39.48676],[-8.40865,39.48883],[-8.40946,39.49294],[-8.40903,39.49419],[-8.40911,39.49641],[-8.41108,39.49837],[-8.41501,39.50478],[-8.41825,39.50581],[-8.42103,39.50795],[-8.42165,39.50984],[-8.42295,39.51129],[-8.42346,39.5132],[-8.42643,39.51174],[-8.42774,39.51169],[-8.42942,39.5101],[-8.43144,39.51036],[-8.43314,39.50989],[-8.43647,39.51041],[-8.44003,39.50832],[-8.44116,39.50819],[-8.44117,39.50862],[-8.44211,39.5091],[-8.44363,39.5089],[-8.44417,39.50721],[-8.4459,39.50751],[-8.44623,39.5068],[-8.44955,39.50737],[-8.45046,39.50555],[-8.45116,39.50756],[-8.45395,39.50854],[-8.45386,39.50942],[-8.45558,39.51039],[-8.45587,39.51183],[-8.45703,39.51215],[-8.45673,39.51361],[-8.45739,39.51439],[-8.45783,39.51656],[-8.4601,39.51789],[-8.46171,39.52084],[-8.46165,39.52169],[-8.46311,39.52223],[-8.46408,39.52347],[-8.46444,39.52545],[-8.46511,39.52539],[-8.46526,39.52686],[-8.46629,39.52791],[-8.46613,39.52852],[-8.46719,39.53057],[-8.47077,39.53215],[-8.47431,39.53256],[-8.47634,39.53405],[-8.47644,39.53653],[-8.47814,39.53653],[-8.48054,39.53731],[-8.48579,39.54061],[-8.48717,39.54092],[-8.48833,39.54194],[-8.4913,39.54317],[-8.4877,39.54562],[-8.48442,39.54904],[-8.48189,39.55052],[-8.48284,39.55199],[-8.47967,39.55614],[-8.4789,39.55615],[-8.47346,39.56069],[-8.46996,39.56115]]]]}},{"type":"Feature","properties":{"distrito_ilha":"Santarém","dtmn":"1419","municipio":"Torres Novas"},"geometry":{"type":"MultiPolygon","coordinates":[[[[-8.49803,39.46181],[-8.49849,39.46089],[-8.49738,39.45863],[-8.49838,39.45464],[-8.49834,39.45063],[-8.49514,39.44427],[-8.48915,39.44192],[-8.48495,39.43951],[-8.48854,39.43143],[-8.48864,39.42952],[-8.4956,39.42451],[-8.50213,39.41728],[-8.50215,39.41478],[-8.51571,39.40723],[-8.52041,39.40689],[-8.53721,39.39714],[-8.54328,39.39875],[-8.55409,39.39914],[-8.5569,39.39852],[-8.56701,39.40184],[-8.5691,39.40126],[-8.56891,39.40478],[-8.57221,39.40525],[-8.57226,39.40581],[-8.57855,39.40969],[-8.58013,39.41167],[-8.58389,39.41187],[-8.58386,39.41097],[-8.58472,39.41131],[-8.58767,39.41019],[-8.58902,39.4111],[-8.58912,39.40883],[-8.58861,39.40851],[-8.59015,39.40607],[-8.59234,39.40414],[-8.59364,39.40529],[-8.59528,39.4054],[-8.59568,39.4068],[-8.59889,39.41009],[-8.60256,39.41712],[-8.60933,39.42404],[-8.61379,39.42405],[-8.61707,39.4263],[-8.61576,39.42226],[-8.61583,39.42066],[-8.61723,39.42026],[-8.61846,39.42233],[-8.62097,39.42487],[-8.62121,39.42946],[-8.62552,39.43351],[-8.6277,39.43229],[-8.62789,39.43406],[-8.62868,39.43489],[-8.62584,39.43372],[-8.62552,39.43455],[-8.62602,39.43569],[-8.62475,39.43589],[-8.62522,39.43655],[-8.62384,39.43715],[-8.62493,39.43921],[-8.62694,39.43961],[-8.62811,39.44336],[-8.62813,39.44596],[-8.62874,39.44711],[-8.62658,39.45079],[-8.62731,39.45077],[-8.63108,39.45721],[-8.62976,39.4582],[-8.62594,39.45861],[-8.62683,39.45967],[-8.62563,39.46074],[-8.62387,39.46123],[-8.62431,39.46162],[-8.62262,39.4627],[-8.61918,39.46359],[-8.61959,39.46444],[-8.61883,39.46603],[-8.61685,39.46827],[-8.61946,39.46928],[-8.62014,39.471],[-8.62141,39.47221],[-8.62182,39.47128],[-8.62335,39.47096],[-8.62575,39.47177],[-8.62729,39.4753],[-8.62812,39.47531],[-8.62891,39.4765],[-8.63013,39.47701],[-8.63077,39.47863],[-8.63328,39.47841],[-8.63565,39.48027],[-8.63437,39.4844],[-8.63492,39.48548],[-8.63471,39.48657],[-8.6357,39.48802],[-8.63587,39.49051],[-8.63728,39.49258],[-8.63745,39.49418],[-8.64257,39.49437],[-8.64744,39.49771],[-8.64856,39.49762],[-8.6535,39.50068],[-8.65446,39.50035],[-8.6562,39.50078],[-8.65712,39.50223],[-8.65789,39.50212],[-8.6598,39.50351],[-8.66257,39.50303],[-8.66593,39.50432],[-8.66788,39.50417],[-8.66792,39.5048],[-8.66953,39.50646],[-8.67332,39.50884],[-8.67158,39.51142],[-8.66021,39.52023],[-8.63665,39.53582],[-8.62594,39.54079],[-8.60053,39.55798],[-8.59222,39.56573],[-8.589,39.5706],[-8.58618,39.57172],[-8.58568,39.57614],[-8.57514,39.5813],[-8.56948,39.59576],[-8.54315,39.60586],[-8.52786,39.61474],[-8.5103,39.62674],[-8.50358,39.63211],[-8.49608,39.62497],[-8.49491,39.62517],[-8.49355,39.61974],[-8.49424,39.61957],[-8.4955,39.61391],[-8.49143,39.60554],[-8.49171,39.60385],[-8.49018,39.60272],[-8.48877,39.60079],[-8.48841,39.59932],[-8.48762,39.59884],[-8.48845,39.59837],[-8.48743,39.59724],[-8.48517,39.59214],[-8.48195,39.58821],[-8.48132,39.58812],[-8.48143,39.58698],[-8.4804,39.58612],[-8.47709,39.58108],[-8.47111,39.57447],[-8.46629,39.57107],[-8.46409,39.5662],[-8.46652,39.56511],[-8.46612,39.56468],[-8.46665,39.56467],[-8.46644,39.56396],[-8.46725,39.56341],[-8.46813,39.56372],[-8.46881,39.56275],[-8.46854,39.56211],[-8.46974,39.56121],[-8.47346,39.56069],[-8.47681,39.55766],[-8.4789,39.55615],[-8.47967,39.55614],[-8.48284,39.55199],[-8.48189,39.55052],[-8.48322,39.55002],[-8.4877,39.54562],[-8.4913,39.54317],[-8.48833,39.54194],[-8.4805,39.53728],[-8.47814,39.53653],[-8.4764,39.5365],[-8.47643,39.53428],[-8.47422,39.53252],[-8.47077,39.53215],[-8.4667,39.53013],[-8.46629,39.52791],[-8.46526,39.52686],[-8.46511,39.52539],[-8.46444,39.52545],[-8.46408,39.52347],[-8.46311,39.52223],[-8.46165,39.52169],[-8.46171,39.52084],[-8.4601,39.51789],[-8.45783,39.51656],[-8.45739,39.51439],[-8.45673,39.51361],[-8.45703,39.51215],[-8.45587,39.51183],[-8.45582,39.51071],[-8.45386,39.50942],[-8.45395,39.50854],[-8.45126,39.50763],[-8.45079,39.5066],[-8.45272,39.50508],[-8.45278,39.5036],[-8.45451,39.50029],[-8.45431,39.49928],[-8.45541,39.49405],[-8.45506,39.49291],[-8.45448,39.49227],[-8.45651,39.49061],[-8.46087,39.49244],[-8.46355,39.491],[-8.46321,39.49011],[-8.46558,39.48961],[-8.46612,39.48874],[-8.47074,39.48767],[-8.47134,39.48677],[-8.47157,39.48506],[-8.47522,39.48589],[-8.47553,39.48706],[-8.48208,39.48499],[-8.48239,39.48232],[-8.48698,39.4827],[-8.48727,39.47782],[-8.48958,39.47768],[-8.49141,39.47868],[-8.49253,39.47819],[-8.49425,39.47565],[-8.49591,39.47123],[-8.49847,39.4682],[-8.49789,39.46733],[-8.4959,39.46631],[-8.49963,39.46489],[-8.49879,39.46362],[-8.49856,39.46217],[-8.49803,39.46181]]]]}},{"type":"Feature","properties":{"distrito_ilha":"Santarém","dtmn":"1420","municipio":"Vila Nova da Barquinha"},"geometry":{"type":"MultiPolygon","coordinates":[[[[-8.39868,39.45757],[-8.40338,39.45597],[-8.40748,39.45549],[-8.42811,39.45519],[-8.43348,39.4536],[-8.43749,39.45178],[-8.43918,39.45364],[-8.43454,39.45723],[-8.43533,39.45757],[-8.43581,39.45913],[-8.43703,39.45965],[-8.44003,39.45815],[-8.43952,39.45734],[-8.44202,39.45601],[-8.44248,39.45685],[-8.44299,39.4564],[-8.44356,39.45664],[-8.45936,39.45273],[-8.46288,39.44977],[-8.46775,39.44707],[-8.46226,39.45364],[-8.46144,39.45629],[-8.46209,39.46337],[-8.46176,39.46374],[-8.46456,39.46758],[-8.46381,39.46895],[-8.46377,39.47095],[-8.46454,39.47242],[-8.46351,39.47658],[-8.46409,39.47836],[-8.4584,39.48226],[-8.45857,39.48347],[-8.45692,39.48744],[-8.45592,39.48809],[-8.45568,39.48913],[-8.45665,39.49018],[-8.45438,39.49246],[-8.45506,39.49291],[-8.45537,39.49491],[-8.45481,39.49593],[-8.45451,39.50029],[-8.45278,39.5036],[-8.45272,39.50508],[-8.45079,39.50664],[-8.45046,39.50555],[-8.44955,39.50737],[-8.44623,39.5068],[-8.4459,39.50751],[-8.44417,39.50721],[-8.44363,39.5089],[-8.44183,39.50903],[-8.44077,39.5082],[-8.43832,39.5091],[-8.43647,39.51041],[-8.43314,39.50989],[-8.43144,39.51036],[-8.42942,39.5101],[-8.42774,39.51169],[-8.42643,39.51174],[-8.42346,39.5132],[-8.42295,39.51129],[-8.42017,39.50706],[-8.41825,39.50581],[-8.41501,39.50478],[-8.41108,39.49837],[-8.40911,39.49641],[-8.40903,39.49419],[-8.40946,39.49294],[-8.40865,39.48883],[-8.40717,39.48676],[-8.40587,39.48747],[-8.3933,39.47697],[-8.38397,39.47708],[-8.38141,39.47665],[-8.37957,39.47785],[-8.37865,39.47972],[-8.37305,39.48017],[-8.36782,39.48386],[-8.36756,39.48468],[-8.36648,39.48407],[-8.36642,39.48498],[-8.36583,39.48494],[-8.36582,39.48608],[-8.3671,39.48779],[-8.36601,39.49236],[-8.36816,39.5014],[-8.36799,39.50259],[-8.36727,39.5034],[-8.36553,39.50395],[-8.36815,39.50568],[-8.36683,39.50625],[-8.36698,39.50686],[-8.36616,39.50703],[-8.36607,39.50759],[-8.36565,39.50685],[-8.36488,39.50692],[-8.36387,39.5089],[-8.36314,39.50908],[-8.36337,39.5099],[-8.36209,39.51148],[-8.36045,39.51174],[-8.36085,39.51273],[-8.35922,39.51742],[-8.35797,39.5184],[-8.35775,39.51973],[-8.35614,39.52101],[-8.35548,39.51897],[-8.35427,39.5177],[-8.3508,39.51744],[-8.34449,39.51613],[-8.34093,39.51484],[-8.33781,39.51208],[-8.33451,39.51079],[-8.33083,39.51216],[-8.3274,39.51238],[-8.32716,39.50709],[-8.3292,39.50462],[-8.33033,39.50241],[-8.33076,39.49887],[-8.33282,39.49309],[-8.33419,39.49145],[-8.33858,39.48809],[-8.34122,39.48334],[-8.34195,39.48057],[-8.34229,39.4751],[-8.34119,39.47392],[-8.33839,39.47254],[-8.34157,39.46681],[-8.34452,39.46379],[-8.34899,39.46167],[-8.36194,39.45852],[-8.37009,39.45893],[-8.37776,39.46155],[-8.3818,39.46194],[-8.39152,39.4609],[-8.39388,39.46014],[-8.39868,39.45757]]]]}},{"type":"Feature","properties":{"distrito_ilha":"Santarém","dtmn":"1421","municipio":"Ourém"},"geometry":{"type":"MultiPolygon","coordinates":[[[[-8.60503,39.55495],[-8.62594,39.54079],[-8.63665,39.53582],[-8.64859,39.54396],[-8.65081,39.54614],[-8.65302,39.54745],[-8.65377,39.54719],[-8.65481,39.548],[-8.65489,39.54752],[-8.6556,39.54785],[-8.65608,39.54949],[-8.65716,39.54961],[-8.65713,39.55007],[-8.65793,39.54996],[-8.65735,39.55043],[-8.65928,39.55158],[-8.66083,39.55421],[-8.6616,39.5547],[-8.66113,39.5549],[-8.66178,39.55576],[-8.6613,39.55677],[-8.66349,39.55858],[-8.66607,39.55791],[-8.66715,39.55856],[-8.66773,39.56024],[-8.66924,39.56041],[-8.66922,39.56135],[-8.6704,39.56241],[-8.67142,39.56218],[-8.67115,39.56362],[-8.67241,39.56515],[-8.67527,39.56507],[-8.68192,39.57113],[-8.68241,39.57218],[-8.68505,39.57383],[-8.686,39.57538],[-8.68584,39.57608],[-8.68522,39.57607],[-8.68655,39.57767],[-8.68628,39.58064],[-8.68571,39.58087],[-8.68678,39.58129],[-8.68808,39.58373],[-8.68811,39.5848],[-8.6888,39.58534],[-8.68844,39.58651],[-8.68951,39.58878],[-8.68917,39.59646],[-8.68971,39.59759],[-8.68919,39.59777],[-8.68748,39.60991],[-8.69191,39.62051],[-8.69905,39.62824],[-8.69937,39.63024],[-8.6999,39.63035],[-8.69969,39.63107],[-8.70074,39.63153],[-8.70052,39.6325],[-8.70157,39.63452],[-8.70125,39.63516],[-8.70219,39.6355],[-8.70216,39.63609],[-8.7012,39.63695],[-8.70218,39.63742],[-8.70225,39.63813],[-8.70138,39.63807],[-8.70196,39.63996],[-8.70073,39.64032],[-8.7003,39.64112],[-8.69883,39.64138],[-8.6974,39.64026],[-8.69523,39.64188],[-8.68798,39.64317],[-8.68312,39.64594],[-8.68039,39.64525],[-8.67983,39.64594],[-8.67734,39.64687],[-8.67761,39.64884],[-8.67626,39.65085],[-8.67397,39.65147],[-8.67169,39.65107],[-8.66999,39.6526],[-8.6637,39.65535],[-8.6595,39.6578],[-8.65476,39.6589],[-8.65306,39.65889],[-8.64947,39.66064],[-8.649,39.66175],[-8.64656,39.66398],[-8.64777,39.66489],[-8.64739,39.66601],[-8.64535,39.66737],[-8.64374,39.67032],[-8.64429,39.67071],[-8.64186,39.6743],[-8.64522,39.67793],[-8.64603,39.68045],[-8.64333,39.68279],[-8.64367,39.68332],[-8.64313,39.68355],[-8.6423,39.68675],[-8.63972,39.68695],[-8.63965,39.68733],[-8.63721,39.68807],[-8.63504,39.69233],[-8.63474,39.69328],[-8.63516,39.69372],[-8.634,39.69414],[-8.63391,39.69475],[-8.63317,39.69444],[-8.63208,39.69553],[-8.63553,39.69691],[-8.63707,39.69846],[-8.63883,39.69934],[-8.63982,39.70096],[-8.6409,39.70141],[-8.64313,39.70107],[-8.64537,39.70192],[-8.64859,39.70176],[-8.65031,39.70281],[-8.65293,39.70319],[-8.65567,39.70261],[-8.65836,39.70452],[-8.66156,39.7053],[-8.66314,39.70639],[-8.66668,39.70735],[-8.6678,39.70809],[-8.66959,39.70743],[-8.67387,39.70984],[-8.67581,39.70943],[-8.67721,39.70984],[-8.67831,39.70894],[-8.6792,39.7089],[-8.67868,39.7091],[-8.67946,39.71199],[-8.67896,39.71253],[-8.67954,39.71354],[-8.67938,39.71458],[-8.68025,39.71532],[-8.68001,39.7175],[-8.68061,39.71835],[-8.67972,39.71912],[-8.67948,39.72046],[-8.67561,39.7236],[-8.6721,39.72357],[-8.67076,39.72292],[-8.66782,39.72271],[-8.667,39.72407],[-8.66593,39.7238],[-8.66418,39.72506],[-8.66485,39.72584],[-8.6662,39.72579],[-8.67266,39.73034],[-8.67288,39.73104],[-8.67155,39.73263],[-8.67423,39.73536],[-8.67662,39.73681],[-8.6779,39.73832],[-8.67753,39.73831],[-8.67844,39.74283],[-8.67953,39.74459],[-8.67962,39.74676],[-8.67987,39.74708],[-8.68052,39.74682],[-8.68055,39.74785],[-8.68108,39.74826],[-8.68073,39.74841],[-8.68152,39.74852],[-8.6807,39.74922],[-8.68124,39.75087],[-8.68053,39.75133],[-8.6798,39.75313],[-8.67991,39.75838],[-8.67884,39.76047],[-8.67958,39.76086],[-8.67963,39.76271],[-8.67903,39.76477],[-8.6804,39.76777],[-8.67975,39.76951],[-8.67834,39.76956],[-8.67868,39.76981],[-8.6785,39.7707],[-8.67775,39.77063],[-8.67766,39.77241],[-8.67609,39.77325],[-8.67624,39.7741],[-8.67306,39.77519],[-8.6712,39.7747],[-8.66848,39.77524],[-8.66649,39.77658],[-8.66503,39.7766],[-8.6635,39.77756],[-8.65952,39.77804],[-8.65662,39.77934],[-8.65641,39.7801],[-8.65149,39.78095],[-8.64903,39.78231],[-8.64746,39.78366],[-8.64379,39.78401],[-8.64058,39.78541],[-8.63964,39.78685],[-8.63645,39.78801],[-8.63489,39.78989],[-8.62958,39.78931],[-8.62589,39.79002],[-8.62256,39.78936],[-8.62218,39.78963],[-8.61785,39.7881],[-8.61478,39.78769],[-8.61065,39.78836],[-8.6095,39.78628],[-8.60978,39.78519],[-8.60895,39.78404],[-8.605,39.7821],[-8.60462,39.7804],[-8.60297,39.77928],[-8.5931,39.77689],[-8.58844,39.77905],[-8.58461,39.77947],[-8.58151,39.78223],[-8.57959,39.78249],[-8.57882,39.78367],[-8.57687,39.78506],[-8.57518,39.78751],[-8.57136,39.78728],[-8.56987,39.78903],[-8.56762,39.7897],[-8.56699,39.79076],[-8.56468,39.79202],[-8.56311,39.79159],[-8.55821,39.79154],[-8.55637,39.79201],[-8.55477,39.79343],[-8.55287,39.79402],[-8.55112,39.79616],[-8.548,39.79782],[-8.54563,39.7981],[-8.54108,39.80241],[-8.53946,39.80806],[-8.53753,39.80902],[-8.53641,39.8102],[-8.5349,39.81072],[-8.53218,39.8146],[-8.52665,39.81683],[-8.52661,39.81841],[-8.52509,39.8201],[-8.52513,39.82093],[-8.52426,39.82226],[-8.5248,39.8233],[-8.52334,39.8257],[-8.52421,39.82767],[-8.52055,39.82826],[-8.51787,39.82814],[-8.51672,39.82734],[-8.51655,39.82645],[-8.51468,39.82413],[-8.51307,39.82321],[-8.51174,39.8212],[-8.51158,39.82009],[-8.50975,39.81882],[-8.50791,39.81689],[-8.50769,39.81592],[-8.50644,39.81505],[-8.50501,39.81689],[-8.5013,39.81776],[-8.50098,39.82399],[-8.49788,39.82615],[-8.49684,39.82623],[-8.4967,39.82682],[-8.49563,39.82753],[-8.49601,39.82851],[-8.49415,39.82834],[-8.49371,39.82991],[-8.48868,39.82978],[-8.48685,39.83073],[-8.48584,39.83251],[-8.48444,39.83278],[-8.48402,39.83342],[-8.48315,39.83336],[-8.48271,39.83387],[-8.48313,39.83451],[-8.4786,39.8366],[-8.47795,39.83873],[-8.47637,39.83765],[-8.4756,39.83564],[-8.47436,39.8341],[-8.4748,39.83175],[-8.47418,39.83],[-8.47493,39.82752],[-8.47419,39.82087],[-8.47336,39.81955],[-8.4704,39.81727],[-8.46922,39.81188],[-8.46768,39.80946],[-8.46718,39.80685],[-8.46254,39.80447],[-8.46231,39.80292],[-8.46473,39.79997],[-8.46543,39.79276],[-8.4629,39.78538],[-8.46377,39.7845],[-8.46388,39.78284],[-8.462,39.78145],[-8.46181,39.77857],[-8.46254,39.77311],[-8.45718,39.7659],[-8.4579,39.76325],[-8.4549,39.76142],[-8.45347,39.75972],[-8.45364,39.75718],[-8.45084,39.75528],[-8.45037,39.75309],[-8.45085,39.75202],[-8.45092,39.74899],[-8.45508,39.74407],[-8.45517,39.74152],[-8.45409,39.73899],[-8.45185,39.73802],[-8.45146,39.73683],[-8.4533,39.73225],[-8.45275,39.73089],[-8.44917,39.73322],[-8.44666,39.73394],[-8.44681,39.73544],[-8.44429,39.73691],[-8.44391,39.73775],[-8.44202,39.73827],[-8.44035,39.73796],[-8.43895,39.73945],[-8.43658,39.73863],[-8.43602,39.73927],[-8.43106,39.74064],[-8.42972,39.73978],[-8.42874,39.73749],[-8.42983,39.73733],[-8.42935,39.73555],[-8.43038,39.73509],[-8.42917,39.73381],[-8.43087,39.73078],[-8.43097,39.73011],[-8.43018,39.72866],[-8.43096,39.72653],[-8.4325,39.72497],[-8.43172,39.72355],[-8.4318,39.72127],[-8.43115,39.72024],[-8.43185,39.7194],[-8.43162,39.71857],[-8.43253,39.71729],[-8.43213,39.71572],[-8.43002,39.71455],[-8.43025,39.71213],[-8.43076,39.71167],[-8.43028,39.71046],[-8.4314,39.70959],[-8.42984,39.70934],[-8.42948,39.70811],[-8.43055,39.70731],[-8.42815,39.7055],[-8.42909,39.70346],[-8.4279,39.70142],[-8.42882,39.69953],[-8.42857,39.69746],[-8.42955,39.69535],[-8.42939,39.69429],[-8.43066,39.69388],[-8.42954,39.69273],[-8.43122,39.69063],[-8.43005,39.68672],[-8.42701,39.68487],[-8.42775,39.68356],[-8.4259,39.68355],[-8.42399,39.68226],[-8.42398,39.68146],[-8.42321,39.68156],[-8.42309,39.68039],[-8.42376,39.67975],[-8.42344,39.67942],[-8.4254,39.67812],[-8.42535,39.67678],[-8.42736,39.67613],[-8.42898,39.67489],[-8.42934,39.67393],[-8.43052,39.67351],[-8.43219,39.67584],[-8.43206,39.67742],[-8.43508,39.67963],[-8.4381,39.67743],[-8.43872,39.6776],[-8.43889,39.67985],[-8.43739,39.68124],[-8.43867,39.68327],[-8.43847,39.68475],[-8.43919,39.68558],[-8.43928,39.6871],[-8.43857,39.68808],[-8.44217,39.68989],[-8.44273,39.69096],[-8.44274,39.69236],[-8.44348,39.6925],[-8.44396,39.69333],[-8.44695,39.69339],[-8.44804,39.69496],[-8.44816,39.69652],[-8.44985,39.69775],[-8.45089,39.69748],[-8.45125,39.69868],[-8.45353,39.69901],[-8.45456,39.70004],[-8.45448,39.70067],[-8.45624,39.70111],[-8.45898,39.70284],[-8.46031,39.70299],[-8.45997,39.70444],[-8.46194,39.70532],[-8.46148,39.70582],[-8.46231,39.70725],[-8.46366,39.70778],[-8.46498,39.70725],[-8.46604,39.70536],[-8.46716,39.70505],[-8.46685,39.70401],[-8.47143,39.70398],[-8.4728,39.70291],[-8.47629,39.70311],[-8.47777,39.70192],[-8.47856,39.70015],[-8.48194,39.69913],[-8.48187,39.69765],[-8.48093,39.69723],[-8.4805,39.69625],[-8.4806,39.69491],[-8.4813,39.69432],[-8.48071,39.69346],[-8.481,39.69279],[-8.48286,39.69251],[-8.48434,39.69293],[-8.48778,39.6913],[-8.4883,39.69208],[-8.48972,39.69219],[-8.49131,39.69155],[-8.49456,39.69122],[-8.49627,39.68706],[-8.49679,39.68446],[-8.50208,39.67763],[-8.5024,39.67497],[-8.50071,39.66953],[-8.50279,39.6647],[-8.5032,39.66193],[-8.50373,39.66093],[-8.50448,39.66072],[-8.50473,39.65839],[-8.50681,39.65567],[-8.50727,39.6526],[-8.51095,39.64911],[-8.51094,39.64851],[-8.51248,39.64851],[-8.51191,39.64531],[-8.5093,39.64358],[-8.50908,39.64261],[-8.50947,39.64196],[-8.50772,39.64048],[-8.50442,39.64026],[-8.50402,39.63972],[-8.50142,39.63896],[-8.50358,39.63211],[-8.5103,39.62674],[-8.52786,39.61474],[-8.54315,39.60586],[-8.56948,39.59576],[-8.57514,39.5813],[-8.58568,39.57614],[-8.58618,39.57172],[-8.589,39.5706],[-8.59222,39.56573],[-8.60053,39.55798],[-8.60503,39.55495]]]]}}],"type":"FeatureCollection"}